year,month,month_name,market,shipping_mode,customer_segment,total_orders,otif_orders,on_time_orders,complete_orders,late_risk_orders,late_deliveries,canceled_deliveries,otif_rate,on_time_rate,in_full_rate,late_delivery_rate,cancel_rate,avg_shipping_days,avg_scheduled_days,avg_delay_days
2015,1,janvier,LATAM,Same Day,Home Office,40,13,22,20,18,18,0,32.5,55.00000000000001,50.0,45.0,0.0,0,0,0
2015,1,janvier,LATAM,Second Class,Corporate,351,15,82,100,264,264,10,4.273504273504273,23.36182336182336,28.49002849002849,75.21367521367522,2.849002849002849,3,2,1
2015,1,janvier,LATAM,Standard Class,Home Office,566,121,373,187,191,191,21,21.37809187279152,65.90106007067138,33.03886925795053,33.745583038869256,3.7102473498233217,3,4,-1
2015,1,janvier,LATAM,Same Day,Consumer,163,16,72,34,91,91,0,9.815950920245399,44.171779141104295,20.858895705521473,55.828220858895705,0.0,0,0,0
2015,1,janvier,LATAM,First Class,Corporate,169,0,0,31,162,162,7,0.0,0.0,18.34319526627219,95.85798816568047,4.142011834319527,2,1,1
2015,1,janvier,LATAM,First Class,Home Office,142,0,0,36,136,136,6,0.0,0.0,25.352112676056336,95.77464788732394,4.225352112676056,2,1,1
2015,1,janvier,LATAM,Second Class,Consumer,542,46,104,185,418,418,20,8.487084870848708,19.18819188191882,34.132841328413285,77.12177121771218,3.6900369003690034,3,2,1
2015,1,janvier,LATAM,First Class,Consumer,380,0,0,132,367,367,13,0.0,0.0,34.73684210526316,96.57894736842105,3.421052631578948,2,1,1
2015,1,janvier,LATAM,Same Day,Corporate,52,18,36,24,10,10,8,34.61538461538461,69.23076923076923,46.15384615384615,19.230769230769234,15.384615384615385,0,0,0
2015,1,janvier,LATAM,Standard Class,Consumer,1677,371,986,603,669,669,69,22.12283840190817,58.79546809779368,35.95706618962433,39.89266547406082,4.114490161001789,4,4,0
2015,1,janvier,LATAM,Second Class,Home Office,198,6,38,54,160,160,0,3.0303030303030303,19.19191919191919,27.27272727272727,80.8080808080808,0.0,3,2,1
2015,1,janvier,LATAM,Standard Class,Corporate,1041,207,631,354,394,394,54,19.88472622478386,60.6147934678194,34.00576368876081,37.848222862632085,5.187319884726225,4,4,0
2015,2,février,LATAM,First Class,Consumer,393,0,0,116,374,374,19,0.0,0.0,29.51653944020356,95.16539440203562,4.8346055979643765,2,1,1
2015,2,février,LATAM,First Class,Corporate,228,0,0,81,214,214,14,0.0,0.0,35.526315789473685,93.85964912280701,6.140350877192982,2,1,1
2015,2,février,LATAM,Same Day,Corporate,77,11,36,25,36,36,5,14.285714285714285,46.75324675324675,32.467532467532465,46.75324675324675,6.493506493506493,0,0,0
2015,2,février,LATAM,Second Class,Corporate,278,18,53,108,214,214,14,6.474820143884892,19.06474820143885,38.84892086330935,76.97841726618705,5.0359712230215825,3,2,1
2015,2,février,LATAM,Same Day,Home Office,55,9,19,10,31,31,5,16.363636363636363,34.54545454545455,18.181818181818183,56.36363636363636,9.090909090909092,0,0,0
2015,2,février,LATAM,Same Day,Consumer,130,23,58,54,69,69,6,17.692307692307693,44.61538461538462,41.53846153846154,53.07692307692308,4.615384615384616,0,0,0
2015,2,février,LATAM,First Class,Home Office,112,0,0,19,107,107,5,0.0,0.0,16.964285714285715,95.53571428571429,4.464285714285714,2,1,1
2015,2,février,LATAM,Standard Class,Home Office,530,125,337,199,183,183,18,23.58490566037736,63.58490566037736,37.54716981132076,34.52830188679245,3.3962264150943398,3,4,-1
2015,2,février,LATAM,Standard Class,Consumer,1407,234,841,428,540,540,63,16.631130063965884,59.772565742715,30.419331911869225,38.37953091684435,4.477611940298507,3,4,-1
2015,2,février,LATAM,Second Class,Home Office,211,6,36,60,166,166,15,2.843601895734597,17.061611374407583,28.436018957345972,78.67298578199052,7.109004739336493,4,2,2
2015,2,février,LATAM,Second Class,Consumer,488,25,107,163,358,358,33,5.122950819672131,21.92622950819672,33.40163934426229,73.36065573770492,6.762295081967213,3,2,1
2015,2,février,LATAM,Standard Class,Corporate,820,169,503,257,302,302,45,20.609756097560975,61.34146341463415,31.341463414634145,36.829268292682926,5.487804878048781,3,4,-1
2015,3,mars,LATAM,Second Class,Consumer,567,40,117,124,420,420,40,7.054673721340388,20.634920634920633,21.869488536155202,74.07407407407408,7.054673721340388,4,2,2
2015,3,mars,LATAM,Standard Class,Home Office,554,142,329,192,207,207,25,25.63176895306859,59.38628158844765,34.65703971119133,37.36462093862816,4.512635379061372,3,4,-1
2015,3,mars,LATAM,First Class,Corporate,261,0,0,102,254,254,7,0.0,0.0,39.08045977011494,97.31800766283524,2.681992337164751,2,1,1
2015,3,mars,LATAM,Same Day,Corporate,80,19,42,23,36,36,2,23.75,52.5,28.749999999999996,45.0,2.5,0,0,0
2015,3,mars,LATAM,Same Day,Consumer,164,17,95,49,68,68,7,10.365853658536585,57.92682926829268,29.878048780487802,41.46341463414634,4.2682926829268295,0,0,0
2015,3,mars,LATAM,First Class,Consumer,454,0,0,148,448,448,6,0.0,0.0,32.59911894273127,98.6784140969163,1.3215859030837005,2,1,1
2015,3,mars,LATAM,First Class,Home Office,146,0,0,52,139,139,7,0.0,0.0,35.61643835616438,95.2054794520548,4.794520547945205,2,1,1
2015,3,mars,LATAM,Second Class,Corporate,270,15,45,64,219,219,8,5.555555555555555,16.666666666666664,23.703703703703706,81.11111111111111,2.9629629629629632,4,2,2
2015,3,mars,LATAM,Second Class,Home Office,197,18,50,66,146,146,1,9.137055837563452,25.380710659898476,33.50253807106599,74.11167512690355,0.5076142131979695,4,2,2
2015,3,mars,LATAM,Same Day,Home Office,42,7,32,7,10,10,0,16.666666666666664,76.19047619047619,16.666666666666664,23.809523809523807,0.0,0,0,0
2015,3,mars,LATAM,Standard Class,Consumer,1610,307,965,485,614,614,79,19.06832298136646,59.93788819875776,30.124223602484474,38.13664596273292,4.906832298136646,4,4,0
2015,3,mars,LATAM,Standard Class,Corporate,1017,192,619,334,375,375,53,18.87905604719764,60.86529006882989,32.84169124877089,36.87315634218289,5.2114060963618485,3,4,-1
2015,4,avril,LATAM,Same Day,Home Office,61,12,29,28,32,32,3,19.672131147540984,47.540983606557376,45.90163934426229,52.459016393442624,4.918032786885246,0,0,0
2015,4,avril,LATAM,Same Day,Corporate,60,9,25,14,30,30,10,15.0,41.66666666666667,23.333333333333332,50.0,16.666666666666664,0,0,0
2015,4,avril,LATAM,First Class,Corporate,190,0,0,51,172,172,18,0.0,0.0,26.842105263157894,90.52631578947368,9.473684210526317,2,1,1
2015,4,avril,LATAM,Standard Class,Home Office,580,116,356,192,211,211,32,20.0,61.37931034482759,33.10344827586207,36.37931034482759,5.517241379310345,3,4,-1
2015,4,avril,LATAM,First Class,Home Office,96,0,0,28,86,86,10,0.0,0.0,29.166666666666668,89.58333333333334,10.416666666666668,2,1,1
2015,4,avril,LATAM,First Class,Consumer,429,0,0,148,419,419,10,0.0,0.0,34.4988344988345,97.66899766899768,2.331002331002331,2,1,1
2015,4,avril,LATAM,Same Day,Consumer,121,15,46,29,67,67,8,12.396694214876034,38.01652892561984,23.96694214876033,55.371900826446286,6.6115702479338845,0,0,0
2015,4,avril,LATAM,Standard Class,Consumer,1678,356,1017,560,637,637,61,21.215733015494635,60.60786650774732,33.373063170441,37.961859356376635,3.635280095351609,3,4,-1
2015,4,avril,LATAM,Second Class,Consumer,500,22,122,156,361,361,22,4.3999999999999995,24.4,31.2,72.2,4.3999999999999995,3,2,1
2015,4,avril,LATAM,Second Class,Corporate,360,19,61,88,286,286,15,5.277777777777778,16.944444444444446,24.444444444444443,79.44444444444444,4.166666666666666,4,2,2
2015,4,avril,LATAM,Second Class,Home Office,174,7,32,51,131,131,11,4.022988505747127,18.39080459770115,29.310344827586203,75.28735632183908,6.321839080459771,3,2,1
2015,4,avril,LATAM,Standard Class,Corporate,877,209,545,313,328,328,11,23.831242873432153,62.1436716077537,35.689851767388824,37.40022805017104,1.2542759407069555,3,4,-1
2015,5,mai,Europe,Second Class,Home Office,5,0,0,5,5,5,0,0.0,0.0,100.0,100.0,0.0,4,2,2
2015,5,mai,Europe,First Class,Consumer,4,0,0,1,4,4,0,0.0,0.0,25.0,100.0,0.0,2,1,1
2015,5,mai,LATAM,Standard Class,Home Office,578,114,376,182,182,182,38,19.72318339100346,65.05190311418684,31.4878892733564,31.4878892733564,6.5743944636678195,3,4,-1
2015,5,mai,Europe,Standard Class,Home Office,10,1,8,3,2,2,0,10.0,80.0,30.0,20.0,0.0,4,4,0
2015,5,mai,Europe,Standard Class,Consumer,47,6,25,16,22,22,5,12.76595744680851,53.191489361702125,34.04255319148936,46.808510638297875,10.638297872340425,4,4,0
2015,5,mai,Europe,First Class,Corporate,16,0,0,7,16,16,0,0.0,0.0,43.75,100.0,0.0,2,1,1
2015,5,mai,LATAM,First Class,Corporate,331,0,0,115,306,306,25,0.0,0.0,34.74320241691843,92.44712990936556,7.552870090634441,2,1,1
2015,5,mai,Europe,Second Class,Consumer,9,1,2,3,7,7,0,11.11111111111111,22.22222222222222,33.33333333333333,77.77777777777779,0.0,3,2,1
2015,5,mai,Europe,Standard Class,Corporate,11,0,8,3,3,3,0,0.0,72.72727272727273,27.27272727272727,27.27272727272727,0.0,4,4,0
2015,5,mai,LATAM,Second Class,Corporate,277,23,49,91,225,225,7,8.303249097472925,17.689530685920577,32.851985559566785,81.2274368231047,2.527075812274368,4,2,2
2015,5,mai,LATAM,Same Day,Home Office,44,8,24,14,20,20,2,18.181818181818183,54.54545454545454,31.818181818181817,45.45454545454545,4.545454545454546,0,0,0
2015,5,mai,LATAM,Same Day,Consumer,152,20,63,56,89,89,2,13.157894736842104,41.44736842105263,36.84210526315789,58.55263157894737,1.3157894736842104,0,0,0
2015,5,mai,LATAM,Second Class,Home Office,147,14,24,51,117,117,9,9.523809523809524,16.3265306122449,34.69387755102041,79.59183673469387,6.122448979591836,3,2,1
2015,5,mai,Europe,Same Day,Corporate,3,0,0,0,3,3,0,0.0,0.0,0.0,100.0,0.0,1,0,1
2015,5,mai,LATAM,Standard Class,Corporate,964,209,562,349,379,379,40,21.680497925311204,58.298755186722,36.203319502074685,39.315352697095435,4.149377593360995,4,4,0
2015,5,mai,LATAM,First Class,Home Office,168,0,0,29,155,155,13,0.0,0.0,17.261904761904763,92.26190476190477,7.738095238095238,2,1,1
2015,5,mai,LATAM,Standard Class,Consumer,1593,326,963,552,612,612,61,20.464532328939107,60.451977401129945,34.65160075329567,38.4180790960452,3.8292529817953542,3,4,-1
2015,5,mai,LATAM,Same Day,Corporate,64,9,26,12,38,38,0,14.0625,40.625,18.75,59.375,0.0,0,0,0
2015,5,mai,Europe,Second Class,Corporate,16,0,4,8,12,12,0,0.0,25.0,50.0,75.0,0.0,4,2,2
2015,5,mai,LATAM,First Class,Consumer,441,0,0,153,402,402,39,0.0,0.0,34.69387755102041,91.15646258503402,8.843537414965986,2,1,1
2015,5,mai,LATAM,Second Class,Consumer,477,39,112,174,352,352,29,8.176100628930817,23.48008385744235,36.477987421383645,73.79454926624737,6.079664570230608,3,2,1
2015,6,juin,Europe,Standard Class,Consumer,1570,317,893,527,646,646,72,20.191082802547772,56.87898089171974,33.566878980891715,41.146496815286625,4.585987261146497,4,4,0
2015,6,juin,Europe,First Class,Corporate,161,0,0,61,149,149,12,0.0,0.0,37.88819875776397,92.54658385093167,7.453416149068323,2,1,1
2015,6,juin,Europe,Standard Class,Corporate,1001,187,640,318,341,341,49,18.681318681318682,63.93606393606394,31.768231768231768,34.065934065934066,4.895104895104895,3,4,-1
2015,6,juin,Europe,Same Day,Corporate,107,16,64,31,43,43,4,14.953271028037381,59.813084112149525,28.971962616822427,40.18691588785047,3.7383177570093453,0,0,0
2015,6,juin,Europe,First Class,Home Office,129,0,0,42,128,128,1,0.0,0.0,32.55813953488372,99.2248062015504,0.7751937984496124,2,1,1
2015,6,juin,Europe,Same Day,Consumer,107,31,58,50,45,45,4,28.971962616822427,54.20560747663551,46.728971962616825,42.05607476635514,3.7383177570093453,0,0,0
2015,6,juin,Europe,First Class,Consumer,451,0,0,144,436,436,15,0.0,0.0,31.9290465631929,96.67405764966742,3.325942350332594,2,1,1
2015,6,juin,Europe,Same Day,Home Office,38,0,18,6,20,20,0,0.0,47.368421052631575,15.789473684210526,52.63157894736842,0.0,0,0,0
2015,6,juin,Europe,Second Class,Consumer,542,44,128,177,400,400,33,8.118081180811808,23.616236162361623,32.656826568265686,73.80073800738008,6.088560885608856,3,2,1
2015,6,juin,Europe,Standard Class,Home Office,581,109,345,203,230,230,28,18.76075731497418,59.380378657487086,34.93975903614458,39.586919104991395,4.819277108433735,4,4,0
2015,6,juin,Europe,Second Class,Corporate,290,11,48,95,236,236,6,3.793103448275862,16.551724137931036,32.758620689655174,81.37931034482759,2.0689655172413794,4,2,2
2015,6,juin,Europe,Second Class,Home Office,157,13,51,47,104,104,2,8.280254777070063,32.48407643312102,29.936305732484076,66.2420382165605,1.2738853503184715,3,2,1
2015,7,juillet,Europe,Same Day,Corporate,125,15,63,32,62,62,6,12.0,50.4,25.6,49.6,4.8,0,0,0
2015,7,juillet,Europe,Standard Class,Consumer,1625,316,972,505,621,621,52,19.446153846153848,59.815384615384616,31.076923076923073,38.215384615384615,3.2,4,4,0
2015,7,juillet,Europe,Standard Class,Corporate,993,212,586,332,375,375,55,21.34944612286002,59.01309164149043,33.434038267875124,37.764350453172206,5.53877139979859,3,4,-1
2015,7,juillet,Europe,First Class,Home Office,155,0,0,64,154,154,1,0.0,0.0,41.29032258064516,99.35483870967742,0.6451612903225806,2,1,1
2015,7,juillet,Europe,First Class,Consumer,382,0,0,105,368,368,14,0.0,0.0,27.486910994764397,96.33507853403141,3.664921465968586,2,1,1
2015,7,juillet,Europe,Second Class,Home Office,197,9,40,58,151,151,6,4.568527918781726,20.304568527918782,29.441624365482234,76.6497461928934,3.0456852791878175,4,2,2
2015,7,juillet,Europe,Same Day,Home Office,68,17,51,20,17,17,0,25.0,75.0,29.411764705882355,25.0,0.0,0,0,0
2015,7,juillet,Europe,Second Class,Consumer,488,16,69,167,400,400,21,3.278688524590164,14.139344262295081,34.22131147540984,81.9672131147541,4.30327868852459,4,2,2
2015,7,juillet,Europe,First Class,Corporate,231,0,0,100,231,231,0,0.0,0.0,43.290043290043286,100.0,0.0,2,1,1
2015,7,juillet,Europe,Standard Class,Home Office,523,100,305,170,215,215,7,19.120458891013385,58.31739961759082,32.504780114722756,41.10898661567878,1.338432122370937,3,4,-1
2015,7,juillet,Europe,Same Day,Consumer,193,23,126,53,63,63,9,11.917098445595855,65.28497409326425,27.461139896373055,32.64248704663213,4.66321243523316,0,0,0
2015,7,juillet,Europe,Second Class,Corporate,319,15,35,98,282,282,4,4.702194357366771,10.9717868338558,30.721003134796238,88.40125391849529,1.2539184952978055,4,2,2
2015,8,août,Europe,First Class,Corporate,315,0,0,96,311,311,4,0.0,0.0,30.476190476190478,98.73015873015873,1.2698412698412698,2,1,1
2015,8,août,Europe,Same Day,Consumer,136,39,71,66,63,63,2,28.676470588235293,52.20588235294118,48.529411764705884,46.32352941176471,1.4705882352941175,0,0,0
2015,8,août,Europe,First Class,Consumer,450,0,0,136,436,436,14,0.0,0.0,30.22222222222222,96.88888888888889,3.111111111111111,2,1,1
2015,8,août,Europe,Same Day,Corporate,70,13,42,17,28,28,3,18.571428571428573,60.0,24.285714285714285,40.0,4.285714285714286,0,0,0
2015,8,août,Europe,First Class,Home Office,124,0,0,42,124,124,0,0.0,0.0,33.87096774193548,100.0,0.0,2,1,1
2015,8,août,Europe,Second Class,Consumer,581,54,120,208,442,442,23,9.294320137693632,20.65404475043029,35.800344234079176,76.07573149741825,3.9586919104991396,4,2,2
2015,8,août,Europe,Same Day,Home Office,58,8,30,14,23,23,9,13.793103448275861,51.724137931034484,24.137931034482758,39.6551724137931,15.517241379310345,0,0,0
2015,8,août,Europe,Standard Class,Home Office,543,119,312,191,214,214,43,21.915285451197054,57.4585635359116,35.17495395948435,39.41068139963168,7.918968692449356,4,4,0
2015,8,août,Europe,Second Class,Home Office,188,7,40,54,143,143,5,3.723404255319149,21.27659574468085,28.723404255319153,76.06382978723404,2.6595744680851063,4,2,2
2015,8,août,Europe,Second Class,Corporate,340,27,66,123,260,260,14,7.941176470588235,19.411764705882355,36.17647058823529,76.47058823529412,4.117647058823529,4,2,2
2015,8,août,Europe,Standard Class,Corporate,926,201,560,324,350,350,49,21.706263498920087,60.475161987041034,34.98920086393088,37.79697624190065,5.291576673866091,3,4,-1
2015,8,août,Europe,Standard Class,Consumer,1542,300,966,519,542,542,82,19.45525291828794,62.64591439688716,33.65758754863813,35.1491569390402,5.317769130998703,3,4,-1
2015,9,septembre,Europe,Standard Class,Home Office,519,107,305,179,209,209,18,20.616570327552985,58.76685934489403,34.48940269749518,40.26974951830443,3.4682080924855487,4,4,0
2015,9,septembre,Europe,First Class,Home Office,150,0,0,49,148,148,2,0.0,0.0,32.666666666666664,98.66666666666667,1.3333333333333335,2,1,1
2015,9,septembre,Europe,Second Class,Home Office,189,7,47,37,132,132,13,3.7037037037037033,24.867724867724867,19.576719576719576,69.84126984126983,6.878306878306878,3,2,1
2015,9,septembre,Europe,First Class,Corporate,247,0,0,88,242,242,5,0.0,0.0,35.62753036437247,97.97570850202429,2.0242914979757085,2,1,1
2015,9,septembre,Europe,Standard Class,Corporate,904,161,573,311,322,322,37,17.809734513274336,63.38495575221239,34.402654867256636,35.61946902654867,4.092920353982301,3,4,-1
2015,9,septembre,Europe,First Class,Consumer,401,0,0,139,391,391,10,0.0,0.0,34.66334164588529,97.50623441396509,2.493765586034913,2,1,1
2015,9,septembre,Europe,Same Day,Consumer,147,44,88,61,48,48,22,29.931972789115648,59.863945578231295,41.49659863945578,32.6530612244898,14.965986394557824,0,0,0
2015,9,septembre,Europe,Same Day,Home Office,32,3,13,5,19,19,5,9.375,40.625,15.625,59.375,15.625,0,0,0
2015,9,septembre,Europe,Same Day,Corporate,62,10,48,17,14,14,5,16.129032258064516,77.41935483870968,27.419354838709676,22.58064516129032,8.064516129032258,0,0,0
2015,9,septembre,Europe,Second Class,Consumer,512,14,84,165,419,419,9,2.734375,16.40625,32.2265625,81.8359375,1.7578125,3,2,1
2015,9,septembre,Europe,Second Class,Corporate,328,29,64,103,254,254,10,8.841463414634147,19.51219512195122,31.402439024390244,77.4390243902439,3.048780487804878,4,2,2
2015,9,septembre,Europe,Standard Class,Consumer,1649,281,893,512,716,716,78,17.040630685263796,54.154032747119466,31.049120679199515,43.420254699818074,4.730139478471801,4,4,0
2015,10,octobre,Europe,Same Day,Corporate,36,4,25,4,11,11,3,11.11111111111111,69.44444444444444,11.11111111111111,30.555555555555557,8.333333333333332,0,0,0
2015,10,octobre,Europe,Second Class,Corporate,194,19,38,63,155,155,3,9.793814432989691,19.587628865979383,32.47422680412371,79.89690721649485,1.5463917525773196,4,2,2
2015,10,octobre,Europe,Same Day,Consumer,144,15,48,46,94,94,2,10.416666666666668,33.33333333333333,31.944444444444443,65.27777777777779,1.3888888888888888,0,0,0
2015,10,octobre,Europe,First Class,Home Office,143,0,0,37,140,140,3,0.0,0.0,25.874125874125873,97.9020979020979,2.097902097902098,2,1,1
2015,10,octobre,Europe,First Class,Corporate,212,0,0,55,202,202,10,0.0,0.0,25.943396226415093,95.28301886792453,4.716981132075472,2,1,1
2015,10,octobre,Europe,First Class,Consumer,365,0,0,106,331,331,34,0.0,0.0,29.041095890410958,90.68493150684932,9.315068493150685,2,1,1
2015,10,octobre,Europe,Second Class,Consumer,352,31,89,134,255,255,13,8.806818181818182,25.28409090909091,38.06818181818182,72.44318181818183,3.6931818181818183,3,2,1
2015,10,octobre,Europe,Same Day,Home Office,27,0,20,7,7,7,0,0.0,74.07407407407408,25.925925925925924,25.925925925925924,0.0,0,0,0
2015,10,octobre,Pacific Asia,First Class,Consumer,88,0,0,29,81,81,7,0.0,0.0,32.95454545454545,92.04545454545455,7.954545454545454,2,1,1
2015,10,octobre,Pacific Asia,First Class,Home Office,42,0,0,9,37,37,5,0.0,0.0,21.428571428571427,88.09523809523809,11.904761904761903,2,1,1
2015,10,octobre,Europe,Standard Class,Consumer,1118,213,672,351,430,430,41,19.051878354203936,60.10733452593918,31.3953488372093,38.46153846153847,3.667262969588551,3,4,-1
2015,10,octobre,Europe,Second Class,Home Office,147,9,21,51,116,116,10,6.122448979591836,14.285714285714285,34.69387755102041,78.91156462585033,6.802721088435375,4,2,2
2015,10,octobre,Pacific Asia,First Class,Corporate,48,0,0,18,48,48,0,0.0,0.0,37.5,100.0,0.0,2,1,1
2015,10,octobre,Pacific Asia,Second Class,Consumer,108,6,21,43,83,83,4,5.555555555555555,19.444444444444446,39.81481481481482,76.85185185185185,3.7037037037037033,3,2,1
2015,10,octobre,Pacific Asia,Same Day,Corporate,24,2,9,5,15,15,3,8.333333333333332,37.5,20.833333333333336,62.5,12.5,0,0,0
2015,10,octobre,Europe,Standard Class,Home Office,403,93,252,160,149,149,16,23.076923076923077,62.531017369727046,39.70223325062035,36.972704714640194,3.970223325062035,3,4,-1
2015,10,octobre,Pacific Asia,Same Day,Home Office,7,0,0,6,7,7,0,0.0,0.0,85.71428571428571,100.0,0.0,1,0,1
2015,10,octobre,Pacific Asia,Standard Class,Home Office,160,32,98,58,57,57,5,20.0,61.25000000000001,36.25,35.625,3.125,3,4,-1
2015,10,octobre,Europe,Standard Class,Corporate,806,158,521,248,275,275,40,19.602977667493796,64.64019851116626,30.76923076923077,34.11910669975186,4.962779156327544,3,4,-1
2015,10,octobre,Pacific Asia,Same Day,Consumer,33,1,11,5,22,22,3,3.0303030303030303,33.33333333333333,15.151515151515152,66.66666666666666,9.090909090909092,0,0,0
2015,10,octobre,Pacific Asia,Second Class,Home Office,59,8,14,22,45,45,0,13.559322033898304,23.728813559322035,37.28813559322034,76.27118644067797,0.0,4,2,2
2015,10,octobre,Pacific Asia,Second Class,Corporate,88,3,15,29,72,72,5,3.4090909090909087,17.045454545454543,32.95454545454545,81.81818181818183,5.681818181818182,3,2,1
2015,10,octobre,Pacific Asia,Standard Class,Corporate,243,56,167,71,75,75,9,23.045267489711936,68.72427983539094,29.218106995884774,30.864197530864196,3.7037037037037033,3,4,-1
2015,10,octobre,Pacific Asia,Standard Class,Consumer,455,84,253,157,199,199,13,18.461538461538463,55.604395604395606,34.505494505494504,43.73626373626374,2.857142857142857,4,4,0
2015,11,novembre,Pacific Asia,Same Day,Corporate,101,29,56,43,45,45,0,28.71287128712871,55.44554455445545,42.57425742574257,44.554455445544555,0.0,0,0,0
2015,11,novembre,Pacific Asia,Standard Class,Home Office,602,120,373,184,223,223,29,19.93355481727575,61.96013289036545,30.564784053156146,37.04318936877076,4.817275747508306,3,4,-1
2015,11,novembre,Pacific Asia,First Class,Consumer,421,0,0,124,410,410,11,0.0,0.0,29.453681710213775,97.38717339667458,2.6128266033254155,2,1,1
2015,11,novembre,Pacific Asia,First Class,Corporate,217,0,0,90,211,211,6,0.0,0.0,41.474654377880185,97.23502304147466,2.7649769585253456,2,1,1
2015,11,novembre,Pacific Asia,Same Day,Consumer,140,34,77,59,63,63,17,24.285714285714285,55.00000000000001,42.142857142857146,45.0,12.142857142857142,0,0,0
2015,11,novembre,Pacific Asia,First Class,Home Office,141,0,0,61,134,134,7,0.0,0.0,43.262411347517734,95.0354609929078,4.964539007092199,2,1,1
2015,11,novembre,Pacific Asia,Second Class,Consumer,528,31,103,155,414,414,16,5.871212121212121,19.507575757575758,29.35606060606061,78.4090909090909,3.0303030303030303,4,2,2
2015,11,novembre,Pacific Asia,Second Class,Corporate,333,20,74,117,241,241,18,6.006006006006006,22.22222222222222,35.13513513513514,72.37237237237237,5.405405405405405,3,2,1
2015,11,novembre,Pacific Asia,Same Day,Home Office,24,9,23,9,1,1,0,37.5,95.83333333333334,37.5,4.166666666666666,0.0,0,0,0
2015,11,novembre,Pacific Asia,Standard Class,Consumer,1604,305,972,503,610,610,59,19.01496259351621,60.59850374064838,31.359102244389025,38.02992518703242,3.678304239401496,4,4,0
2015,11,novembre,Pacific Asia,Second Class,Home Office,193,20,42,65,143,143,8,10.362694300518134,21.761658031088082,33.67875647668394,74.09326424870466,4.145077720207254,4,2,2
2015,11,novembre,Pacific Asia,Standard Class,Corporate,931,199,562,317,346,346,45,21.374865735767994,60.36519871106337,34.049409237379166,37.16433941997852,4.833512352309345,3,4,-1
2015,12,décembre,Pacific Asia,Second Class,Corporate,315,15,44,81,263,263,8,4.761904761904762,13.968253968253968,25.71428571428571,83.4920634920635,2.5396825396825395,4,2,2
2015,12,décembre,Pacific Asia,First Class,Home Office,130,0,0,27,128,128,2,0.0,0.0,20.76923076923077,98.46153846153847,1.5384615384615385,2,1,1
2015,12,décembre,Pacific Asia,First Class,Corporate,260,0,0,85,248,248,12,0.0,0.0,32.69230769230769,95.38461538461539,4.615384615384616,2,1,1
2015,12,décembre,Pacific Asia,Same Day,Consumer,151,30,92,46,58,58,8,19.867549668874172,60.9271523178808,30.4635761589404,38.41059602649007,5.298013245033113,0,0,0
2015,12,décembre,Pacific Asia,First Class,Consumer,450,0,0,143,414,414,36,0.0,0.0,31.77777777777778,92.0,8.0,2,1,1
2015,12,décembre,Pacific Asia,Same Day,Corporate,131,22,76,33,55,55,9,16.793893129770993,58.01526717557252,25.190839694656486,41.98473282442748,6.870229007633588,0,0,0
2015,12,décembre,Pacific Asia,Standard Class,Home Office,573,94,362,163,204,204,26,16.404886561954623,63.17626527050611,28.44677137870855,35.602094240837694,4.537521815008725,3,4,-1
2015,12,décembre,Pacific Asia,Same Day,Home Office,46,9,39,14,7,7,2,19.565217391304348,84.78260869565217,30.434782608695656,15.217391304347828,4.3478260869565215,0,0,0
2015,12,décembre,Pacific Asia,Standard Class,Consumer,1595,283,932,485,627,627,74,17.74294670846395,58.43260188087774,30.407523510971785,39.310344827586206,4.639498432601881,4,4,0
2015,12,décembre,Pacific Asia,Second Class,Home Office,203,14,31,73,164,164,8,6.896551724137931,15.270935960591133,35.960591133004925,80.78817733990148,3.9408866995073892,4,2,2
2015,12,décembre,Pacific Asia,Second Class,Consumer,523,33,107,162,397,397,20,6.309751434034416,20.45889101338432,30.975143403441685,75.90822179732314,3.824091778202677,3,2,1
2015,12,décembre,Pacific Asia,Standard Class,Corporate,994,210,612,316,372,372,17,21.12676056338028,61.56941649899397,31.790744466800803,37.42454728370221,1.710261569416499,3,4,-1
2016,1,janvier,Pacific Asia,Standard Class,Home Office,580,107,329,194,240,240,22,18.448275862068968,56.72413793103448,33.44827586206897,41.37931034482759,3.793103448275862,4,4,0
2016,1,janvier,Pacific Asia,First Class,Consumer,402,0,0,117,377,377,25,0.0,0.0,29.1044776119403,93.78109452736318,6.218905472636816,2,1,1
2016,1,janvier,Pacific Asia,Same Day,Corporate,120,15,73,27,47,47,0,12.5,60.83333333333333,22.5,39.166666666666664,0.0,0,0,0
2016,1,janvier,Pacific Asia,First Class,Corporate,234,0,0,46,231,231,3,0.0,0.0,19.65811965811966,98.71794871794873,1.282051282051282,2,1,1
2016,1,janvier,Pacific Asia,Standard Class,Corporate,938,204,558,338,375,375,23,21.748400852878465,59.488272921108745,36.034115138592746,39.97867803837953,2.4520255863539444,4,4,0
2016,1,janvier,Pacific Asia,Same Day,Home Office,41,3,20,12,21,21,0,7.317073170731707,48.78048780487805,29.268292682926827,51.21951219512195,0.0,0,0,0
2016,1,janvier,Pacific Asia,Second Class,Home Office,171,11,44,65,126,126,1,6.432748538011696,25.730994152046783,38.01169590643275,73.68421052631578,0.5847953216374269,3,2,1
2016,1,janvier,Pacific Asia,First Class,Home Office,155,0,0,61,140,140,15,0.0,0.0,39.35483870967742,90.32258064516128,9.67741935483871,2,1,1
2016,1,janvier,Pacific Asia,Second Class,Consumer,572,65,147,203,414,414,16,11.363636363636363,25.699300699300696,35.48951048951049,72.37762237762237,2.797202797202797,3,2,1
2016,1,janvier,Pacific Asia,Standard Class,Consumer,1552,275,940,508,583,583,79,17.719072164948454,60.567010309278345,32.7319587628866,37.56443298969072,5.09020618556701,3,4,-1
2016,1,janvier,Pacific Asia,Second Class,Corporate,389,11,54,109,320,320,15,2.827763496143959,13.881748071979436,28.020565552699228,82.26221079691517,3.8560411311053984,4,2,2
2016,1,janvier,Pacific Asia,Same Day,Consumer,163,30,71,70,81,81,13,18.404907975460123,43.558282208588956,42.944785276073624,49.693251533742334,7.975460122699387,0,0,0
2016,2,février,Pacific Asia,Second Class,Home Office,197,11,32,77,155,155,10,5.583756345177665,16.243654822335024,39.08629441624365,78.68020304568529,5.0761421319796955,4,2,2
2016,2,février,Pacific Asia,First Class,Corporate,233,0,0,67,209,209,24,0.0,0.0,28.75536480686695,89.69957081545064,10.300429184549357,2,1,1
2016,2,février,Pacific Asia,Same Day,Home Office,29,11,22,11,7,7,0,37.93103448275862,75.86206896551724,37.93103448275862,24.137931034482758,0.0,0,0,0
2016,2,février,Pacific Asia,First Class,Home Office,122,0,0,29,113,113,9,0.0,0.0,23.770491803278688,92.62295081967213,7.377049180327869,2,1,1
2016,2,février,Pacific Asia,Standard Class,Corporate,911,178,525,318,381,381,25,19.538968166849617,57.62897914379802,34.90669593852908,41.822173435784855,2.7442371020856204,4,4,0
2016,2,février,Pacific Asia,First Class,Consumer,327,0,0,106,317,317,10,0.0,0.0,32.415902140672785,96.94189602446484,3.058103975535168,2,1,1
2016,2,février,Pacific Asia,Standard Class,Home Office,554,114,342,175,204,204,29,20.577617328519857,61.73285198555957,31.5884476534296,36.8231046931408,5.234657039711191,3,4,-1
2016,2,février,Pacific Asia,Same Day,Consumer,130,18,87,26,43,43,8,13.846153846153847,66.92307692307692,20.0,33.07692307692307,6.153846153846154,0,0,0
2016,2,février,Pacific Asia,Same Day,Corporate,81,8,50,20,27,27,4,9.876543209876543,61.72839506172839,24.691358024691358,33.33333333333333,4.938271604938271,0,0,0
2016,2,février,Pacific Asia,Second Class,Corporate,214,6,35,67,166,166,15,2.803738317757009,16.355140186915886,31.308411214953267,77.57009345794393,7.009345794392523,3,2,1
2016,2,février,Pacific Asia,Second Class,Consumer,500,30,108,151,375,375,24,6.0,21.6,30.2,75.0,4.8,3,2,1
2016,2,février,Pacific Asia,Standard Class,Consumer,1596,289,936,478,653,653,53,18.1077694235589,58.64661654135338,29.949874686716793,40.91478696741855,3.3208020050125313,4,4,0
2016,3,mars,Pacific Asia,First Class,Home Office,161,0,0,58,154,154,7,0.0,0.0,36.024844720496894,95.65217391304348,4.3478260869565215,2,1,1
2016,3,mars,Pacific Asia,First Class,Corporate,230,0,0,114,224,224,6,0.0,0.0,49.56521739130435,97.3913043478261,2.608695652173913,2,1,1
2016,3,mars,Pacific Asia,Same Day,Corporate,73,13,43,26,30,30,0,17.80821917808219,58.9041095890411,35.61643835616438,41.0958904109589,0.0,0,0,0
2016,3,mars,Pacific Asia,Second Class,Home Office,197,6,22,53,165,165,10,3.0456852791878175,11.16751269035533,26.903553299492383,83.75634517766497,5.0761421319796955,4,2,2
2016,3,mars,Pacific Asia,Same Day,Consumer,144,8,58,28,86,86,0,5.555555555555555,40.27777777777778,19.444444444444446,59.72222222222222,0.0,0,0,0
2016,3,mars,Pacific Asia,First Class,Consumer,484,0,0,170,455,455,29,0.0,0.0,35.12396694214876,94.00826446280992,5.991735537190083,2,1,1
2016,3,mars,Pacific Asia,Same Day,Home Office,55,14,33,14,22,22,2,25.454545454545453,60.0,25.454545454545453,40.0,3.6363636363636362,0,0,0
2016,3,mars,Pacific Asia,Standard Class,Corporate,895,177,543,301,352,352,16,19.776536312849164,60.67039106145251,33.63128491620112,39.32960893854748,1.7877094972067038,4,4,0
2016,3,mars,Pacific Asia,Second Class,Consumer,450,31,79,189,357,357,20,6.888888888888889,17.555555555555554,42.0,79.33333333333333,4.444444444444445,4,2,2
2016,3,mars,Pacific Asia,Second Class,Corporate,329,27,73,121,245,245,14,8.206686930091186,22.188449848024316,36.77811550151976,74.46808510638297,4.25531914893617,3,2,1
2016,3,mars,Pacific Asia,Standard Class,Home Office,562,95,331,174,223,223,18,16.90391459074733,58.89679715302491,30.96085409252669,39.679715302491104,3.202846975088968,4,4,0
2016,3,mars,Pacific Asia,Standard Class,Consumer,1630,287,1018,498,592,592,67,17.607361963190186,62.45398773006134,30.552147239263803,36.31901840490798,4.110429447852761,3,4,-1
2016,4,avril,Pacific Asia,First Class,Home Office,8,0,0,0,5,5,3,0.0,0.0,0.0,62.5,37.5,2,1,1
2016,4,avril,Pacific Asia,First Class,Consumer,2,0,0,1,1,1,1,0.0,0.0,50.0,50.0,50.0,2,1,1
2016,4,avril,Pacific Asia,Second Class,Consumer,33,4,11,9,22,22,5,12.121212121212121,33.33333333333333,27.27272727272727,66.66666666666666,15.151515151515152,3,2,1
2016,4,avril,Pacific Asia,Same Day,Consumer,9,0,5,0,4,4,0,0.0,55.55555555555556,0.0,44.44444444444444,0.0,0,0,0
2016,4,avril,Pacific Asia,First Class,Corporate,13,0,0,2,13,13,0,0.0,0.0,15.384615384615385,100.0,0.0,2,1,1
2016,4,avril,USCA,First Class,Home Office,119,0,0,51,118,118,1,0.0,0.0,42.857142857142854,99.15966386554622,0.8403361344537815,2,1,1
2016,4,avril,Pacific Asia,Standard Class,Home Office,19,7,7,11,12,12,0,36.84210526315789,36.84210526315789,57.89473684210527,63.1578947368421,0.0,4,4,0
2016,4,avril,USCA,Second Class,Home Office,166,14,26,71,139,139,5,8.433734939759036,15.66265060240964,42.77108433734939,83.73493975903614,3.0120481927710845,3,2,1
2016,4,avril,Pacific Asia,Second Class,Home Office,17,0,4,8,13,13,0,0.0,23.52941176470588,47.05882352941176,76.47058823529412,0.0,4,2,2
2016,4,avril,USCA,First Class,Corporate,219,0,0,60,207,207,12,0.0,0.0,27.397260273972602,94.52054794520548,5.47945205479452,2,1,1
2016,4,avril,USCA,Same Day,Home Office,42,0,13,3,29,29,0,0.0,30.952380952380953,7.142857142857142,69.04761904761905,0.0,0,0,0
2016,4,avril,USCA,Standard Class,Consumer,1516,284,921,465,555,555,92,18.733509234828496,60.75197889182058,30.672823218997365,36.60949868073879,6.068601583113456,3,4,-1
2016,4,avril,Pacific Asia,Second Class,Corporate,6,0,0,3,6,6,0,0.0,0.0,50.0,100.0,0.0,3,2,1
2016,4,avril,USCA,Standard Class,Home Office,438,99,266,167,168,168,20,22.602739726027394,60.73059360730594,38.12785388127854,38.35616438356164,4.5662100456621,4,4,0
2016,4,avril,USCA,Standard Class,Corporate,1039,204,601,354,421,421,51,19.634263715110684,57.84408084696824,34.07122232916265,40.51973051010587,4.908565928777671,4,4,0
2016,4,avril,Pacific Asia,Standard Class,Corporate,31,0,21,5,10,10,0,0.0,67.74193548387096,16.129032258064516,32.25806451612903,0.0,4,4,0
2016,4,avril,Pacific Asia,Standard Class,Consumer,21,2,18,2,3,3,0,9.523809523809524,85.71428571428571,9.523809523809524,14.285714285714285,0.0,3,4,-1
2016,4,avril,USCA,Same Day,Corporate,62,10,32,18,30,30,3,16.129032258064516,51.61290322580645,29.03225806451613,48.38709677419355,4.838709677419355,0,0,0
2016,4,avril,USCA,First Class,Consumer,413,0,0,141,399,399,14,0.0,0.0,34.14043583535109,96.61016949152543,3.389830508474576,2,1,1
2016,4,avril,USCA,Same Day,Consumer,142,43,91,64,51,51,0,30.28169014084507,64.08450704225352,45.07042253521127,35.91549295774648,0.0,0,0,0
2016,4,avril,USCA,Second Class,Consumer,473,38,94,150,375,375,4,8.0338266384778,19.873150105708245,31.712473572938688,79.28118393234672,0.8456659619450317,4,2,2
2016,4,avril,USCA,Second Class,Corporate,309,24,69,97,234,234,6,7.766990291262135,22.330097087378643,31.3915857605178,75.72815533980582,1.9417475728155338,3,2,1
2016,5,mai,USCA,Standard Class,Home Office,534,76,290,139,241,241,23,14.232209737827715,54.30711610486891,26.02996254681648,45.1310861423221,4.307116104868914,4,4,0
2016,5,mai,USCA,Standard Class,Consumer,1607,362,972,612,600,600,92,22.52644679527069,60.48537647790915,38.08338518979465,37.336652146857496,5.7249533291848165,4,4,0
2016,5,mai,USCA,Same Day,Corporate,119,20,79,24,40,40,21,16.80672268907563,66.38655462184873,20.168067226890756,33.61344537815126,17.647058823529413,0,0,0
2016,5,mai,USCA,First Class,Corporate,260,0,0,90,248,248,12,0.0,0.0,34.61538461538461,95.38461538461539,4.615384615384616,2,1,1
2016,5,mai,USCA,Same Day,Consumer,151,32,80,63,71,71,0,21.192052980132452,52.980132450331126,41.72185430463576,47.019867549668874,0.0,0,0,0
2016,5,mai,USCA,First Class,Home Office,170,0,0,83,164,164,6,0.0,0.0,48.8235294117647,96.47058823529412,3.5294117647058822,2,1,1
2016,5,mai,USCA,Same Day,Home Office,50,10,28,18,22,22,5,20.0,56.00000000000001,36.0,44.0,10.0,0,0,0
2016,5,mai,USCA,First Class,Consumer,408,0,0,119,383,383,25,0.0,0.0,29.166666666666668,93.87254901960785,6.127450980392156,2,1,1
2016,5,mai,USCA,Second Class,Home Office,142,12,20,63,122,122,0,8.450704225352112,14.084507042253522,44.36619718309859,85.91549295774648,0.0,4,2,2
2016,5,mai,USCA,Second Class,Consumer,639,43,117,237,504,504,23,6.729264475743349,18.30985915492958,37.08920187793427,78.87323943661971,3.599374021909233,3,2,1
2016,5,mai,USCA,Second Class,Corporate,297,10,57,98,234,234,6,3.3670033670033668,19.19191919191919,32.996632996633,78.78787878787878,2.0202020202020203,3,2,1
2016,5,mai,USCA,Standard Class,Corporate,925,166,585,260,322,322,45,17.945945945945947,63.24324324324324,28.10810810810811,34.81081081081081,4.864864864864865,3,4,-1
2016,6,juin,USCA,First Class,Corporate,243,0,0,73,237,237,6,0.0,0.0,30.04115226337449,97.53086419753086,2.4691358024691357,2,1,1
2016,6,juin,USCA,First Class,Consumer,404,0,0,138,391,391,13,0.0,0.0,34.15841584158416,96.78217821782178,3.217821782178218,2,1,1
2016,6,juin,USCA,Same Day,Consumer,146,26,64,52,80,80,5,17.80821917808219,43.83561643835616,35.61643835616438,54.794520547945204,3.4246575342465753,0,0,0
2016,6,juin,USCA,Second Class,Home Office,163,22,49,60,112,112,6,13.496932515337424,30.061349693251532,36.809815950920246,68.71165644171779,3.6809815950920246,3,2,1
2016,6,juin,USCA,First Class,Home Office,98,0,0,40,94,94,4,0.0,0.0,40.816326530612244,95.91836734693877,4.081632653061225,2,1,1
2016,6,juin,USCA,Same Day,Corporate,81,24,37,44,40,40,8,29.629629629629626,45.67901234567901,54.32098765432099,49.382716049382715,9.876543209876543,0,0,0
2016,6,juin,USCA,Same Day,Home Office,43,10,18,22,25,25,0,23.25581395348837,41.86046511627907,51.162790697674424,58.139534883720934,0.0,0,0,0
2016,6,juin,USCA,Standard Class,Home Office,595,123,345,240,239,239,28,20.672268907563023,57.98319327731093,40.33613445378151,40.168067226890756,4.705882352941177,4,4,0
2016,6,juin,USCA,Standard Class,Corporate,826,159,474,264,346,346,34,19.249394673123486,57.384987893462466,31.961259079903147,41.88861985472155,4.116222760290557,4,4,0
2016,6,juin,USCA,Standard Class,Consumer,1511,291,926,490,570,570,65,19.25876902713435,61.283917935142284,32.428855062872266,37.72336201191264,4.301786896095301,3,4,-1
2016,6,juin,USCA,Second Class,Corporate,360,25,70,153,279,279,11,6.944444444444445,19.444444444444446,42.5,77.5,3.0555555555555554,3,2,1
2016,6,juin,USCA,Second Class,Consumer,584,30,94,184,460,460,30,5.136986301369863,16.095890410958905,31.506849315068493,78.76712328767124,5.136986301369863,4,2,2
2016,7,juillet,USCA,First Class,Home Office,175,0,0,68,160,160,15,0.0,0.0,38.857142857142854,91.42857142857143,8.571428571428571,2,1,1
2016,7,juillet,USCA,First Class,Corporate,219,0,0,94,199,199,20,0.0,0.0,42.922374429223744,90.8675799086758,9.1324200913242,2,1,1
2016,7,juillet,USCA,Same Day,Consumer,175,44,117,66,58,58,11,25.142857142857146,66.85714285714286,37.714285714285715,33.14285714285714,6.2857142857142865,0,0,0
2016,7,juillet,USCA,Same Day,Home Office,57,10,43,17,14,14,0,17.543859649122805,75.43859649122807,29.82456140350877,24.561403508771928,0.0,0,0,0
2016,7,juillet,USCA,Second Class,Consumer,511,22,125,162,350,350,36,4.305283757338552,24.46183953033268,31.702544031311152,68.4931506849315,7.045009784735812,3,2,1
2016,7,juillet,USCA,First Class,Consumer,441,0,0,152,414,414,27,0.0,0.0,34.467120181405896,93.87755102040816,6.122448979591836,2,1,1
2016,7,juillet,USCA,Second Class,Home Office,169,15,36,90,128,128,11,8.875739644970414,21.301775147928996,53.25443786982249,75.7396449704142,6.508875739644971,3,2,1
2016,7,juillet,USCA,Same Day,Corporate,102,27,71,37,31,31,1,26.47058823529412,69.6078431372549,36.27450980392157,30.392156862745097,0.9803921568627451,0,0,0
2016,7,juillet,USCA,Standard Class,Home Office,622,115,355,212,248,248,45,18.488745980707396,57.073954983922825,34.08360128617363,39.87138263665595,7.234726688102894,4,4,0
2016,7,juillet,USCA,Second Class,Corporate,280,28,47,130,228,228,5,10.0,16.785714285714285,46.42857142857143,81.42857142857143,1.7857142857142856,4,2,2
2016,7,juillet,USCA,Standard Class,Consumer,1651,321,1052,540,571,571,97,19.442761962447,63.71895820714718,32.707450030284676,34.58509993943065,5.875227135069655,3,4,-1
2016,7,juillet,USCA,Standard Class,Corporate,903,156,531,268,354,354,43,17.275747508305646,58.80398671096345,29.67884828349945,39.202657807308974,4.761904761904762,4,4,0
2016,8,août,Africa,First Class,Corporate,19,0,0,18,19,19,0,0.0,0.0,94.73684210526315,100.0,0.0,2,1,1
2016,8,août,Africa,Same Day,Consumer,11,1,6,2,5,5,0,9.090909090909092,54.54545454545454,18.181818181818183,45.45454545454545,0.0,0,0,0
2016,8,août,Europe,Second Class,Consumer,10,0,0,4,10,10,0,0.0,0.0,40.0,100.0,0.0,5,2,3
2016,8,août,Africa,Second Class,Consumer,45,0,2,15,40,40,4,0.0,4.444444444444445,33.33333333333333,88.88888888888889,8.88888888888889,4,2,2
2016,8,août,Africa,Standard Class,Home Office,50,16,37,20,13,13,0,32.0,74.0,40.0,26.0,0.0,3,4,-1
2016,8,août,Africa,First Class,Home Office,4,0,0,0,4,4,0,0.0,0.0,0.0,100.0,0.0,2,1,1
2016,8,août,Africa,Same Day,Corporate,3,0,0,0,3,3,0,0.0,0.0,0.0,100.0,0.0,1,0,1
2016,8,août,Africa,First Class,Consumer,18,0,0,8,18,18,0,0.0,0.0,44.44444444444444,100.0,0.0,2,1,1
2016,8,août,Africa,Second Class,Home Office,17,0,0,15,17,17,0,0.0,0.0,88.23529411764706,100.0,0.0,4,2,2
2016,8,août,Europe,First Class,Home Office,8,0,0,5,8,8,0,0.0,0.0,62.5,100.0,0.0,2,1,1
2016,8,août,Pacific Asia,First Class,Home Office,31,0,0,14,31,31,0,0.0,0.0,45.16129032258064,100.0,0.0,2,1,1
2016,8,août,Pacific Asia,First Class,Corporate,19,0,0,10,19,19,0,0.0,0.0,52.63157894736842,100.0,0.0,2,1,1
2016,8,août,Europe,Standard Class,Home Office,4,0,4,0,0,0,0,0.0,100.0,0.0,0.0,0.0,2,4,-2
2016,8,août,Europe,First Class,Corporate,5,0,0,0,5,5,0,0.0,0.0,0.0,100.0,0.0,2,1,1
2016,8,août,Europe,First Class,Consumer,10,0,0,4,10,10,0,0.0,0.0,40.0,100.0,0.0,2,1,1
2016,8,août,Africa,Second Class,Corporate,43,7,12,14,31,31,4,16.27906976744186,27.906976744186046,32.55813953488372,72.09302325581395,9.30232558139535,3,2,1
2016,8,août,Africa,Standard Class,Corporate,97,20,60,33,34,34,4,20.618556701030926,61.855670103092784,34.02061855670103,35.051546391752574,4.123711340206185,3,4,-1
2016,8,août,USCA,First Class,Consumer,324,0,0,115,320,320,4,0.0,0.0,35.49382716049383,98.76543209876543,1.2345679012345678,2,1,1
2016,8,août,Pacific Asia,Second Class,Home Office,2,0,0,0,2,2,0,0.0,0.0,0.0,100.0,0.0,5,2,3
2016,8,août,Pacific Asia,Same Day,Consumer,6,0,0,0,6,6,0,0.0,0.0,0.0,100.0,0.0,1,0,1
2016,8,août,Pacific Asia,Standard Class,Home Office,45,18,27,20,18,18,0,40.0,60.0,44.44444444444444,40.0,0.0,3,4,-1
2016,8,août,Pacific Asia,First Class,Consumer,32,0,0,3,32,32,0,0.0,0.0,9.375,100.0,0.0,2,1,1
2016,8,août,Europe,Second Class,Corporate,9,0,7,0,2,2,0,0.0,77.77777777777779,0.0,22.22222222222222,0.0,2,2,0
2016,8,août,Africa,Standard Class,Consumer,177,51,98,73,75,75,4,28.8135593220339,55.367231638418076,41.24293785310734,42.3728813559322,2.2598870056497176,4,4,0
2016,8,août,Europe,Second Class,Home Office,3,0,0,0,3,3,0,0.0,0.0,0.0,100.0,0.0,4,2,2
2016,8,août,USCA,First Class,Corporate,196,0,0,65,180,180,16,0.0,0.0,33.16326530612245,91.83673469387756,8.16326530612245,2,1,1
2016,8,août,Pacific Asia,Standard Class,Corporate,74,32,45,45,29,29,0,43.24324324324324,60.810810810810814,60.810810810810814,39.189189189189186,0.0,4,4,0
2016,8,août,Pacific Asia,Same Day,Corporate,1,0,1,0,0,0,0,0.0,100.0,0.0,0.0,0.0,0,0,0
2016,8,août,USCA,Same Day,Home Office,36,4,14,10,22,22,0,11.11111111111111,38.88888888888889,27.77777777777778,61.111111111111114,0.0,0,0,0
2016,8,août,USCA,Second Class,Corporate,273,14,82,98,183,183,17,5.128205128205128,30.036630036630036,35.8974358974359,67.03296703296702,6.227106227106227,3,2,1
2016,8,août,Europe,Standard Class,Consumer,57,24,40,32,17,17,0,42.10526315789473,70.17543859649122,56.14035087719298,29.82456140350877,0.0,4,4,0
2016,8,août,USCA,First Class,Home Office,147,0,0,45,138,138,9,0.0,0.0,30.612244897959183,93.87755102040816,6.122448979591836,2,1,1
2016,8,août,Europe,Standard Class,Corporate,27,12,25,12,2,2,0,44.44444444444444,92.5925925925926,44.44444444444444,7.4074074074074066,0.0,2,4,-2
2016,8,août,USCA,Standard Class,Consumer,1392,259,853,432,522,522,53,18.606321839080458,61.27873563218391,31.03448275862069,37.5,3.807471264367816,3,4,-1
2016,8,août,USCA,Same Day,Corporate,60,4,22,20,38,38,4,6.666666666666667,36.666666666666664,33.33333333333333,63.33333333333333,6.666666666666667,0,0,0
2016,8,août,USCA,Second Class,Home Office,140,16,36,67,101,101,5,11.428571428571429,25.71428571428571,47.85714285714286,72.14285714285714,3.571428571428571,3,2,1
2016,8,août,USCA,Second Class,Consumer,433,28,84,148,339,339,10,6.466512702078522,19.399538106235568,34.18013856812933,78.29099307159353,2.3094688221709005,3,2,1
2016,8,août,USCA,Standard Class,Corporate,695,125,405,222,283,283,15,17.985611510791365,58.27338129496403,31.942446043165468,40.719424460431654,2.158273381294964,3,4,-1
2016,8,août,Pacific Asia,Same Day,Home Office,4,0,0,4,4,4,0,0.0,0.0,100.0,100.0,0.0,1,0,1
2016,8,août,Pacific Asia,Second Class,Consumer,51,0,12,9,39,39,4,0.0,23.52941176470588,17.647058823529413,76.47058823529412,7.8431372549019605,3,2,1
2016,8,août,Pacific Asia,Second Class,Corporate,32,0,9,9,23,23,0,0.0,28.125,28.125,71.875,0.0,3,2,1
2016,8,août,USCA,Standard Class,Home Office,457,86,277,126,173,173,8,18.818380743982495,60.61269146608315,27.571115973741794,37.85557986870897,1.75054704595186,3,4,-1
2016,8,août,Pacific Asia,Standard Class,Consumer,132,35,81,53,51,51,4,26.515151515151516,61.36363636363637,40.15151515151515,38.63636363636363,3.0303030303030303,3,4,-1
2016,8,août,USCA,Same Day,Consumer,135,18,56,52,79,79,0,13.333333333333334,41.48148148148148,38.51851851851852,58.51851851851851,0.0,0,0,0
2016,9,septembre,Africa,First Class,Home Office,61,0,0,26,61,61,0,0.0,0.0,42.62295081967213,100.0,0.0,2,1,1
2016,9,septembre,Africa,Second Class,Home Office,63,9,14,19,46,46,3,14.285714285714285,22.22222222222222,30.158730158730158,73.01587301587301,4.761904761904762,4,2,2
2016,9,septembre,Africa,Same Day,Home Office,29,3,8,3,21,21,5,10.344827586206897,27.586206896551722,10.344827586206897,72.41379310344827,17.24137931034483,0,0,0
2016,9,septembre,Africa,Same Day,Corporate,45,12,24,20,21,21,0,26.666666666666668,53.333333333333336,44.44444444444444,46.666666666666664,0.0,0,0,0
2016,9,septembre,Africa,First Class,Corporate,66,0,0,13,64,64,2,0.0,0.0,19.696969696969695,96.96969696969697,3.0303030303030303,2,1,1
2016,9,septembre,Africa,Second Class,Corporate,154,9,29,47,120,120,8,5.844155844155844,18.83116883116883,30.519480519480517,77.92207792207793,5.194805194805195,3,2,1
2016,9,septembre,Africa,First Class,Consumer,238,0,0,90,227,227,11,0.0,0.0,37.81512605042017,95.37815126050421,4.621848739495799,2,1,1
2016,9,septembre,Europe,Same Day,Corporate,22,4,19,4,3,3,0,18.181818181818183,86.36363636363636,18.181818181818183,13.636363636363635,0.0,0,0,0
2016,9,septembre,Europe,First Class,Home Office,38,0,0,28,38,38,0,0.0,0.0,73.68421052631578,100.0,0.0,2,1,1
2016,9,septembre,Africa,Standard Class,Corporate,472,123,293,188,178,178,4,26.059322033898308,62.07627118644068,39.83050847457627,37.71186440677966,0.847457627118644,3,4,-1
2016,9,septembre,Europe,Standard Class,Home Office,95,12,50,37,45,45,3,12.631578947368421,52.63157894736842,38.94736842105263,47.368421052631575,3.1578947368421053,4,4,0
2016,9,septembre,Africa,Standard Class,Home Office,305,76,180,116,116,116,22,24.91803278688525,59.01639344262295,38.0327868852459,38.0327868852459,7.213114754098362,3,4,-1
2016,9,septembre,Africa,Same Day,Consumer,84,16,58,32,26,26,0,19.047619047619047,69.04761904761905,38.095238095238095,30.952380952380953,0.0,0,0,0
2016,9,septembre,Europe,First Class,Consumer,104,0,0,45,97,97,7,0.0,0.0,43.269230769230774,93.26923076923077,6.730769230769231,2,1,1
2016,9,septembre,Africa,Second Class,Consumer,274,31,59,91,201,201,14,11.313868613138686,21.532846715328464,33.21167883211679,73.35766423357664,5.109489051094891,4,2,2
2016,9,septembre,Europe,Second Class,Consumer,60,4,8,10,52,52,0,6.666666666666667,13.333333333333334,16.666666666666664,86.66666666666667,0.0,4,2,2
2016,9,septembre,Pacific Asia,First Class,Home Office,33,0,0,12,33,33,0,0.0,0.0,36.36363636363637,100.0,0.0,2,1,1
2016,9,septembre,Europe,Second Class,Home Office,26,0,7,8,19,19,0,0.0,26.923076923076923,30.76923076923077,73.07692307692307,0.0,3,2,1
2016,9,septembre,USCA,First Class,Consumer,28,0,0,4,28,28,0,0.0,0.0,14.285714285714285,100.0,0.0,2,1,1
2016,9,septembre,Europe,Same Day,Home Office,5,5,5,5,0,0,0,100.0,100.0,100.0,0.0,0.0,0,0,0
2016,9,septembre,Africa,Standard Class,Consumer,796,184,500,291,289,289,24,23.115577889447238,62.8140703517588,36.55778894472362,36.30653266331658,3.015075376884422,3,4,-1
2016,9,septembre,Europe,Second Class,Corporate,47,10,12,24,35,35,0,21.27659574468085,25.53191489361702,51.06382978723404,74.46808510638297,0.0,3,2,1
2016,9,septembre,Pacific Asia,Same Day,Corporate,30,3,9,9,21,21,0,10.0,30.0,30.0,70.0,0.0,0,0,0
2016,9,septembre,Pacific Asia,First Class,Consumer,119,0,0,19,109,109,10,0.0,0.0,15.966386554621847,91.59663865546219,8.403361344537815,2,1,1
2016,9,septembre,Europe,First Class,Corporate,45,0,0,20,43,43,2,0.0,0.0,44.44444444444444,95.55555555555556,4.444444444444445,2,1,1
2016,9,septembre,Europe,Standard Class,Corporate,116,5,52,30,64,64,0,4.310344827586207,44.827586206896555,25.862068965517242,55.172413793103445,0.0,4,4,0
2016,9,septembre,USCA,First Class,Corporate,22,0,0,7,19,19,3,0.0,0.0,31.818181818181817,86.36363636363636,13.636363636363635,2,1,1
2016,9,septembre,Pacific Asia,Same Day,Consumer,23,7,17,10,5,5,1,30.434782608695656,73.91304347826086,43.47826086956522,21.73913043478261,4.3478260869565215,0,0,0
2016,9,septembre,Europe,Same Day,Consumer,34,0,29,2,5,5,0,0.0,85.29411764705883,5.88235294117647,14.705882352941178,0.0,0,0,0
2016,9,septembre,Pacific Asia,Standard Class,Home Office,158,23,106,35,50,50,9,14.556962025316455,67.08860759493672,22.151898734177212,31.645569620253166,5.69620253164557,3,4,-1
2016,9,septembre,USCA,Second Class,Home Office,15,4,8,4,7,7,0,26.666666666666668,53.333333333333336,26.666666666666668,46.666666666666664,0.0,3,2,1
2016,9,septembre,Pacific Asia,Same Day,Home Office,9,0,9,0,0,0,0,0.0,100.0,0.0,0.0,0.0,0,0,0
2016,9,septembre,Europe,Standard Class,Consumer,258,52,140,97,116,116,14,20.155038759689923,54.263565891472865,37.5968992248062,44.96124031007752,5.426356589147287,4,4,0
2016,9,septembre,Pacific Asia,First Class,Corporate,71,0,0,24,71,71,0,0.0,0.0,33.80281690140845,100.0,0.0,2,1,1
2016,9,septembre,USCA,Standard Class,Consumer,48,0,28,10,20,20,4,0.0,58.333333333333336,20.833333333333336,41.66666666666667,8.333333333333332,4,4,0
2016,9,septembre,Pacific Asia,Second Class,Corporate,127,17,33,37,90,90,4,13.385826771653544,25.984251968503933,29.133858267716533,70.86614173228347,3.149606299212598,3,2,1
2016,9,septembre,USCA,First Class,Home Office,13,0,0,5,13,13,0,0.0,0.0,38.46153846153847,100.0,0.0,2,1,1
2016,9,septembre,USCA,Standard Class,Corporate,37,5,23,8,14,14,3,13.513513513513514,62.16216216216216,21.62162162162162,37.83783783783784,8.108108108108109,4,4,0
2016,9,septembre,Pacific Asia,Second Class,Consumer,156,1,13,44,140,140,9,0.641025641025641,8.333333333333332,28.205128205128204,89.74358974358975,5.769230769230769,4,2,2
2016,9,septembre,Pacific Asia,Second Class,Home Office,30,3,11,10,19,19,0,10.0,36.666666666666664,33.33333333333333,63.33333333333333,0.0,3,2,1
2016,9,septembre,Pacific Asia,Standard Class,Consumer,479,92,294,164,180,180,18,19.206680584551147,61.37787056367432,34.23799582463465,37.578288100208766,3.7578288100208765,3,4,-1
2016,9,septembre,Pacific Asia,Standard Class,Corporate,295,64,174,112,116,116,9,21.694915254237287,58.98305084745763,37.96610169491525,39.32203389830509,3.050847457627119,4,4,0
2016,9,septembre,USCA,Same Day,Consumer,6,2,6,2,0,0,0,33.33333333333333,100.0,33.33333333333333,0.0,0.0,0,0,0
2016,9,septembre,USCA,Second Class,Consumer,14,0,4,8,10,10,0,0.0,28.57142857142857,57.14285714285714,71.42857142857143,0.0,3,2,1
2016,9,septembre,USCA,Standard Class,Home Office,10,3,5,6,5,5,0,30.0,50.0,60.0,50.0,0.0,4,4,0
2016,10,octobre,Africa,Second Class,Corporate,135,5,26,44,109,109,2,3.7037037037037033,19.25925925925926,32.592592592592595,80.74074074074075,1.4814814814814816,4,2,2
2016,10,octobre,Africa,First Class,Consumer,176,0,0,55,174,174,2,0.0,0.0,31.25,98.86363636363636,1.1363636363636365,2,1,1
2016,10,octobre,Pacific Asia,Same Day,Consumer,78,34,62,37,16,16,0,43.58974358974359,79.48717948717949,47.43589743589743,20.51282051282051,0.0,0,0,0
2016,10,octobre,Africa,Standard Class,Home Office,245,49,133,87,112,112,3,20.0,54.285714285714285,35.51020408163265,45.714285714285715,1.2244897959183674,4,4,0
2016,10,octobre,Africa,First Class,Home Office,59,0,0,12,59,59,0,0.0,0.0,20.33898305084746,100.0,0.0,2,1,1
2016,10,octobre,Europe,First Class,Consumer,106,0,0,25,106,106,0,0.0,0.0,23.58490566037736,100.0,0.0,2,1,1
2016,10,octobre,Africa,Same Day,Corporate,54,1,11,19,43,43,3,1.8518518518518516,20.37037037037037,35.18518518518518,79.62962962962963,5.555555555555555,0,0,0
2016,10,octobre,Africa,Same Day,Consumer,86,10,45,21,40,40,1,11.627906976744185,52.32558139534884,24.418604651162788,46.51162790697674,1.1627906976744187,0,0,0
2016,10,octobre,Africa,Standard Class,Consumer,738,136,456,248,262,262,47,18.428184281842817,61.78861788617886,33.60433604336043,35.50135501355013,6.368563685636857,4,4,0
2016,10,octobre,Africa,First Class,Corporate,124,0,0,30,124,124,0,0.0,0.0,24.193548387096776,100.0,0.0,2,1,1
2016,10,octobre,USCA,Second Class,Corporate,8,0,2,0,6,6,0,0.0,25.0,0.0,75.0,0.0,3,2,1
2016,10,octobre,Europe,First Class,Corporate,41,0,0,25,40,40,1,0.0,0.0,60.97560975609756,97.5609756097561,2.4390243902439024,2,1,1
2016,10,octobre,Africa,Second Class,Home Office,75,1,23,24,48,48,4,1.3333333333333335,30.666666666666664,32.0,64.0,5.333333333333334,3,2,1
2016,10,octobre,Europe,Second Class,Corporate,20,4,6,15,14,14,0,20.0,30.0,75.0,70.0,0.0,3,2,1
2016,10,octobre,Europe,First Class,Home Office,26,0,0,8,26,26,0,0.0,0.0,30.76923076923077,100.0,0.0,2,1,1
2016,10,octobre,Africa,Second Class,Consumer,202,25,56,67,135,135,11,12.376237623762377,27.722772277227726,33.16831683168317,66.83168316831683,5.445544554455446,3,2,1
2016,10,octobre,Europe,Same Day,Consumer,7,2,7,2,0,0,0,28.57142857142857,100.0,28.57142857142857,0.0,0.0,0,0,0
2016,10,octobre,Africa,Same Day,Home Office,30,17,27,20,3,3,0,56.666666666666664,90.0,66.66666666666666,10.0,0.0,0,0,0
2016,10,octobre,Europe,Same Day,Corporate,32,4,11,9,21,21,0,12.5,34.375,28.125,65.625,0.0,0,0,0
2016,10,octobre,Europe,Standard Class,Home Office,68,17,44,21,24,24,1,25.0,64.70588235294117,30.88235294117647,35.294117647058826,1.4705882352941175,3,4,-1
2016,10,octobre,Africa,Standard Class,Corporate,459,96,296,156,158,158,9,20.915032679738562,64.4880174291939,33.98692810457516,34.42265795206972,1.9607843137254901,3,4,-1
2016,10,octobre,Europe,Standard Class,Consumer,330,81,175,129,152,152,3,24.545454545454547,53.03030303030303,39.09090909090909,46.06060606060606,0.9090909090909091,4,4,0
2016,10,octobre,Pacific Asia,Second Class,Corporate,138,7,25,46,105,105,8,5.072463768115942,18.115942028985508,33.33333333333333,76.08695652173914,5.797101449275362,3,2,1
2016,10,octobre,Europe,Second Class,Consumer,120,12,36,32,80,80,4,10.0,30.0,26.666666666666668,66.66666666666666,3.3333333333333335,3,2,1
2016,10,octobre,Pacific Asia,First Class,Home Office,59,0,0,11,59,59,0,0.0,0.0,18.64406779661017,100.0,0.0,2,1,1
2016,10,octobre,Europe,Second Class,Home Office,39,5,13,14,26,26,0,12.82051282051282,33.33333333333333,35.8974358974359,66.66666666666666,0.0,4,2,2
2016,10,octobre,USCA,First Class,Consumer,7,0,0,4,4,4,3,0.0,0.0,57.14285714285714,57.14285714285714,42.857142857142854,2,1,1
2016,10,octobre,Pacific Asia,First Class,Consumer,138,0,0,37,132,132,6,0.0,0.0,26.811594202898554,95.65217391304348,4.3478260869565215,2,1,1
2016,10,octobre,Pacific Asia,First Class,Corporate,100,0,0,24,100,100,0,0.0,0.0,24.0,100.0,0.0,2,1,1
2016,10,octobre,Pacific Asia,Standard Class,Home Office,167,16,77,49,90,90,4,9.580838323353294,46.10778443113773,29.34131736526946,53.89221556886228,2.3952095808383236,4,4,0
2016,10,octobre,Pacific Asia,Same Day,Corporate,32,4,26,4,6,6,0,12.5,81.25,12.5,18.75,0.0,0,0,0
2016,10,octobre,Pacific Asia,Second Class,Consumer,206,9,25,97,166,166,15,4.368932038834951,12.135922330097088,47.0873786407767,80.58252427184466,7.281553398058252,4,2,2
2016,10,octobre,Pacific Asia,Same Day,Home Office,16,0,13,1,3,3,0,0.0,81.25,6.25,18.75,0.0,0,0,0
2016,10,octobre,Europe,Standard Class,Corporate,191,22,88,41,87,87,17,11.518324607329843,46.07329842931937,21.465968586387437,45.54973821989529,8.900523560209423,4,4,0
2016,10,octobre,USCA,First Class,Home Office,4,0,0,4,4,4,0,0.0,0.0,100.0,100.0,0.0,2,1,1
2016,10,octobre,Pacific Asia,Standard Class,Consumer,612,125,360,198,246,246,24,20.424836601307188,58.82352941176471,32.35294117647059,40.19607843137255,3.9215686274509802,4,4,0
2016,10,octobre,USCA,Standard Class,Home Office,12,4,12,4,0,0,0,33.33333333333333,100.0,33.33333333333333,0.0,0.0,2,4,-2
2016,10,octobre,Pacific Asia,Second Class,Home Office,69,4,14,15,53,53,2,5.797101449275362,20.28985507246377,21.73913043478261,76.81159420289855,2.898550724637681,4,2,2
2016,10,octobre,USCA,Standard Class,Corporate,30,0,19,8,11,11,0,0.0,63.33333333333333,26.666666666666668,36.666666666666664,0.0,3,4,-1
2016,10,octobre,USCA,First Class,Corporate,17,0,0,5,17,17,0,0.0,0.0,29.411764705882355,100.0,0.0,2,1,1
2016,10,octobre,Pacific Asia,Standard Class,Corporate,247,42,163,73,75,75,18,17.00404858299595,65.9919028340081,29.554655870445345,30.364372469635626,7.28744939271255,3,4,-1
2016,10,octobre,USCA,Same Day,Consumer,6,0,4,0,2,2,0,0.0,66.66666666666666,0.0,33.33333333333333,0.0,0,0,0
2016,10,octobre,USCA,Standard Class,Consumer,71,15,60,15,11,11,0,21.12676056338028,84.50704225352112,21.12676056338028,15.492957746478872,0.0,3,4,-1
2016,10,octobre,USCA,Second Class,Consumer,18,1,10,8,8,8,4,5.555555555555555,55.55555555555556,44.44444444444444,44.44444444444444,22.22222222222222,3,2,1
2016,11,novembre,Europe,Second Class,Consumer,104,6,23,32,81,81,5,5.769230769230769,22.115384615384613,30.76923076923077,77.88461538461539,4.807692307692308,4,2,2
2016,11,novembre,Europe,First Class,Home Office,21,0,0,10,21,21,0,0.0,0.0,47.61904761904761,100.0,0.0,2,1,1
2016,11,novembre,Africa,First Class,Corporate,125,0,0,49,124,124,1,0.0,0.0,39.2,99.2,0.8,2,1,1
2016,11,novembre,Africa,Same Day,Consumer,57,4,30,19,26,26,1,7.017543859649122,52.63157894736842,33.33333333333333,45.614035087719294,1.7543859649122806,0,0,0
2016,11,novembre,Africa,First Class,Consumer,199,0,0,71,191,191,8,0.0,0.0,35.678391959798994,95.97989949748744,4.0201005025125625,2,1,1
2016,11,novembre,Europe,First Class,Consumer,69,0,0,31,64,64,5,0.0,0.0,44.927536231884055,92.7536231884058,7.246376811594203,2,1,1
2016,11,novembre,Africa,First Class,Home Office,60,0,0,32,56,56,4,0.0,0.0,53.333333333333336,93.33333333333333,6.666666666666667,2,1,1
2016,11,novembre,Africa,Second Class,Consumer,245,13,33,98,211,211,4,5.3061224489795915,13.46938775510204,40.0,86.12244897959184,1.6326530612244898,4,2,2
2016,11,novembre,Pacific Asia,Same Day,Corporate,29,0,14,1,12,12,3,0.0,48.275862068965516,3.4482758620689653,41.37931034482759,10.344827586206897,0,0,0
2016,11,novembre,Europe,Same Day,Corporate,16,3,5,9,11,11,2,18.75,31.25,56.25,68.75,12.5,0,0,0
2016,11,novembre,Africa,Same Day,Home Office,29,7,17,9,8,8,7,24.137931034482758,58.620689655172406,31.03448275862069,27.586206896551722,24.137931034482758,0,0,0
2016,11,novembre,Africa,Standard Class,Home Office,297,51,173,75,116,116,13,17.17171717171717,58.24915824915825,25.252525252525253,39.05723905723906,4.377104377104377,4,4,0
2016,11,novembre,Europe,Standard Class,Consumer,313,63,201,106,110,110,4,20.12779552715655,64.21725239616613,33.86581469648562,35.14376996805112,1.2779552715654952,3,4,-1
2016,11,novembre,Europe,First Class,Corporate,40,0,0,18,37,37,3,0.0,0.0,45.0,92.5,7.5,2,1,1
2016,11,novembre,Africa,Same Day,Corporate,57,25,36,28,11,11,10,43.859649122807014,63.1578947368421,49.122807017543856,19.298245614035086,17.543859649122805,0,0,0
2016,11,novembre,Pacific Asia,First Class,Home Office,48,0,0,13,48,48,0,0.0,0.0,27.083333333333332,100.0,0.0,2,1,1
2016,11,novembre,Pacific Asia,Standard Class,Home Office,186,44,133,59,52,52,3,23.655913978494624,71.50537634408603,31.72043010752688,27.956989247311824,1.6129032258064515,3,4,-1
2016,11,novembre,Europe,Standard Class,Corporate,198,53,130,80,68,68,7,26.767676767676768,65.65656565656566,40.4040404040404,34.34343434343434,3.535353535353535,3,4,-1
2016,11,novembre,Africa,Second Class,Corporate,128,1,21,27,104,104,4,0.78125,16.40625,21.09375,81.25,3.125,4,2,2
2016,11,novembre,Europe,Same Day,Consumer,27,18,22,18,5,5,2,66.66666666666666,81.48148148148148,66.66666666666666,18.51851851851852,7.4074074074074066,0,0,0
2016,11,novembre,Pacific Asia,Same Day,Home Office,16,3,7,12,9,9,0,18.75,43.75,75.0,56.25,0.0,0,0,0
2016,11,novembre,Europe,Same Day,Home Office,8,0,4,0,4,4,0,0.0,50.0,0.0,50.0,0.0,0,0,0
2016,11,novembre,Africa,Second Class,Home Office,81,3,18,27,62,62,1,3.7037037037037033,22.22222222222222,33.33333333333333,76.5432098765432,1.2345679012345678,4,2,2
2016,11,novembre,Pacific Asia,Same Day,Consumer,31,3,6,8,25,25,0,9.67741935483871,19.35483870967742,25.806451612903224,80.64516129032258,0.0,0,0,0
2016,11,novembre,USCA,First Class,Consumer,9,0,0,2,9,9,0,0.0,0.0,22.22222222222222,100.0,0.0,2,1,1
2016,11,novembre,Pacific Asia,First Class,Consumer,110,0,0,43,102,102,8,0.0,0.0,39.09090909090909,92.72727272727272,7.2727272727272725,2,1,1
2016,11,novembre,Africa,Standard Class,Consumer,739,187,473,292,252,252,53,25.304465493910687,64.00541271989174,39.512855209742895,34.10013531799729,7.171853856562922,3,4,-1
2016,11,novembre,USCA,Second Class,Home Office,12,0,0,5,9,9,3,0.0,0.0,41.66666666666667,75.0,25.0,4,2,2
2016,11,novembre,Pacific Asia,Second Class,Home Office,29,0,1,2,24,24,4,0.0,3.4482758620689653,6.896551724137931,82.75862068965517,13.793103448275861,4,2,2
2016,11,novembre,Europe,Second Class,Corporate,82,4,19,22,63,63,0,4.878048780487805,23.170731707317074,26.82926829268293,76.82926829268293,0.0,4,2,2
2016,11,novembre,Africa,Standard Class,Corporate,409,75,228,158,168,168,24,18.337408312958438,55.74572127139364,38.63080684596577,41.075794621026894,5.8679706601467,4,4,0
2016,11,novembre,Pacific Asia,Second Class,Consumer,189,10,54,54,135,135,5,5.291005291005291,28.57142857142857,28.57142857142857,71.42857142857143,2.6455026455026456,3,2,1
2016,11,novembre,USCA,Second Class,Corporate,18,0,0,1,18,18,0,0.0,0.0,5.555555555555555,100.0,0.0,5,2,3
2016,11,novembre,Pacific Asia,First Class,Corporate,67,0,0,14,67,67,0,0.0,0.0,20.8955223880597,100.0,0.0,2,1,1
2016,11,novembre,Europe,Second Class,Home Office,31,0,9,7,22,22,5,0.0,29.03225806451613,22.58064516129032,70.96774193548387,16.129032258064516,3,2,1
2016,11,novembre,Pacific Asia,Second Class,Corporate,72,4,9,38,58,58,5,5.555555555555555,12.5,52.77777777777778,80.55555555555556,6.944444444444445,4,2,2
2016,11,novembre,Pacific Asia,Standard Class,Corporate,266,34,119,88,142,142,19,12.781954887218044,44.73684210526316,33.08270676691729,53.383458646616546,7.142857142857142,4,4,0
2016,11,novembre,Pacific Asia,Standard Class,Consumer,534,81,331,152,196,196,27,15.168539325842698,61.985018726591754,28.46441947565543,36.70411985018727,5.056179775280898,3,4,-1
2016,11,novembre,Europe,Standard Class,Home Office,79,14,42,21,35,35,8,17.72151898734177,53.16455696202531,26.582278481012654,44.303797468354425,10.126582278481013,4,4,0
2016,11,novembre,USCA,Same Day,Consumer,4,4,4,4,0,0,0,100.0,100.0,100.0,0.0,0.0,0,0,0
2016,11,novembre,USCA,Standard Class,Consumer,49,11,29,11,20,20,1,22.448979591836736,59.183673469387756,22.448979591836736,40.816326530612244,2.0408163265306123,3,4,-1
2016,11,novembre,USCA,Standard Class,Home Office,38,15,29,19,9,9,0,39.473684210526315,76.31578947368422,50.0,23.684210526315788,0.0,3,4,-1
2016,11,novembre,USCA,First Class,Home Office,23,0,0,1,19,19,4,0.0,0.0,4.3478260869565215,82.6086956521739,17.391304347826086,2,1,1
2016,11,novembre,USCA,Standard Class,Corporate,24,5,18,6,6,6,0,20.833333333333336,75.0,25.0,25.0,0.0,3,4,-1
2016,11,novembre,USCA,Second Class,Consumer,42,6,6,19,36,36,0,14.285714285714285,14.285714285714285,45.23809523809524,85.71428571428571,0.0,4,2,2
2016,12,décembre,Africa,First Class,Home Office,65,0,0,21,62,62,3,0.0,0.0,32.30769230769231,95.38461538461539,4.615384615384616,2,1,1
2016,12,décembre,Africa,Second Class,Home Office,78,2,7,31,71,71,0,2.564102564102564,8.974358974358974,39.743589743589745,91.02564102564102,0.0,4,2,2
2016,12,décembre,Africa,First Class,Consumer,242,0,0,98,231,231,11,0.0,0.0,40.49586776859504,95.45454545454545,4.545454545454546,2,1,1
2016,12,décembre,Europe,First Class,Consumer,81,0,0,15,77,77,4,0.0,0.0,18.51851851851852,95.06172839506173,4.938271604938271,2,1,1
2016,12,décembre,Africa,Standard Class,Consumer,750,166,395,272,341,341,27,22.133333333333333,52.666666666666664,36.266666666666666,45.46666666666667,3.5999999999999996,4,4,0
2016,12,décembre,Africa,First Class,Corporate,139,0,0,33,136,136,3,0.0,0.0,23.741007194244602,97.84172661870504,2.158273381294964,2,1,1
2016,12,décembre,Africa,Second Class,Consumer,251,8,41,81,203,203,7,3.187250996015936,16.334661354581673,32.27091633466135,80.87649402390437,2.788844621513944,3,2,1
2016,12,décembre,Africa,Same Day,Consumer,62,6,31,27,31,31,0,9.67741935483871,50.0,43.54838709677419,50.0,0.0,0,0,0
2016,12,décembre,Africa,Same Day,Corporate,33,0,18,2,15,15,0,0.0,54.54545454545454,6.0606060606060606,45.45454545454545,0.0,0,0,0
2016,12,décembre,Africa,Standard Class,Corporate,454,74,262,144,185,185,21,16.299559471365637,57.70925110132159,31.718061674008812,40.7488986784141,4.6255506607929515,4,4,0
2016,12,décembre,Africa,Second Class,Corporate,124,15,34,65,90,90,0,12.096774193548388,27.419354838709676,52.41935483870967,72.58064516129032,0.0,4,2,2
2016,12,décembre,Europe,Same Day,Consumer,32,11,17,14,15,15,0,34.375,53.125,43.75,46.875,0.0,0,0,0
2016,12,décembre,Europe,First Class,Corporate,45,0,0,23,38,38,7,0.0,0.0,51.11111111111111,84.44444444444444,15.555555555555555,2,1,1
2016,12,décembre,Africa,Same Day,Home Office,17,3,6,5,11,11,0,17.647058823529413,35.294117647058826,29.411764705882355,64.70588235294117,0.0,0,0,0
2016,12,décembre,Europe,Standard Class,Home Office,78,20,60,27,18,18,3,25.64102564102564,76.92307692307693,34.61538461538461,23.076923076923077,3.8461538461538463,3,4,-1
2016,12,décembre,Pacific Asia,Second Class,Consumer,132,11,35,47,97,97,0,8.333333333333332,26.515151515151516,35.60606060606061,73.48484848484848,0.0,3,2,1
2016,12,décembre,Europe,First Class,Home Office,43,0,0,13,42,42,1,0.0,0.0,30.23255813953488,97.67441860465115,2.3255813953488373,2,1,1
2016,12,décembre,Europe,Second Class,Home Office,29,7,8,13,21,21,0,24.137931034482758,27.586206896551722,44.827586206896555,72.41379310344827,0.0,3,2,1
2016,12,décembre,Pacific Asia,First Class,Home Office,79,0,0,17,70,70,9,0.0,0.0,21.518987341772153,88.60759493670885,11.39240506329114,2,1,1
2016,12,décembre,Europe,Second Class,Consumer,95,5,29,28,64,64,10,5.263157894736842,30.526315789473685,29.47368421052631,67.36842105263158,10.526315789473683,3,2,1
2016,12,décembre,Europe,Standard Class,Consumer,295,46,180,83,107,107,12,15.593220338983052,61.016949152542374,28.135593220338983,36.271186440677965,4.067796610169491,4,4,0
2016,12,décembre,Africa,Standard Class,Home Office,261,36,143,71,107,107,23,13.793103448275861,54.78927203065134,27.203065134099617,40.99616858237548,8.812260536398467,4,4,0
2016,12,décembre,Pacific Asia,Same Day,Consumer,33,12,21,15,12,12,0,36.36363636363637,63.63636363636363,45.45454545454545,36.36363636363637,0.0,0,0,0
2016,12,décembre,Europe,Second Class,Corporate,48,0,2,22,46,46,0,0.0,4.166666666666666,45.83333333333333,95.83333333333334,0.0,3,2,1
2016,12,décembre,Europe,Same Day,Corporate,7,5,7,5,0,0,0,71.42857142857143,100.0,71.42857142857143,0.0,0.0,0,0,0
2016,12,décembre,USCA,Same Day,Consumer,3,0,0,3,3,3,0,0.0,0.0,100.0,100.0,0.0,1,0,1
2016,12,décembre,Pacific Asia,Same Day,Corporate,22,1,12,6,10,10,0,4.545454545454546,54.54545454545454,27.27272727272727,45.45454545454545,0.0,0,0,0
2016,12,décembre,Pacific Asia,First Class,Corporate,101,0,0,33,101,101,0,0.0,0.0,32.67326732673268,100.0,0.0,2,1,1
2016,12,décembre,Pacific Asia,Same Day,Home Office,13,0,7,2,6,6,0,0.0,53.84615384615385,15.384615384615385,46.15384615384615,0.0,0,0,0
2016,12,décembre,Europe,Same Day,Home Office,12,5,6,5,6,6,0,41.66666666666667,50.0,41.66666666666667,50.0,0.0,0,0,0
2016,12,décembre,USCA,First Class,Corporate,13,0,0,0,13,13,0,0.0,0.0,0.0,100.0,0.0,2,1,1
2016,12,décembre,USCA,Standard Class,Home Office,40,0,20,10,20,20,0,0.0,50.0,25.0,50.0,0.0,4,4,0
2016,12,décembre,Pacific Asia,First Class,Consumer,131,0,0,44,123,123,8,0.0,0.0,33.587786259541986,93.89312977099237,6.106870229007633,2,1,1
2016,12,décembre,Europe,Standard Class,Corporate,156,54,103,82,46,46,11,34.61538461538461,66.02564102564102,52.56410256410257,29.48717948717949,7.051282051282051,3,4,-1
2016,12,décembre,Pacific Asia,Standard Class,Home Office,170,46,100,59,64,64,13,27.058823529411764,58.82352941176471,34.705882352941174,37.64705882352941,7.647058823529412,3,4,-1
2016,12,décembre,Pacific Asia,Standard Class,Consumer,559,93,357,189,194,194,23,16.636851520572453,63.864042933810374,33.810375670840784,34.704830053667266,4.114490161001789,3,4,-1
2016,12,décembre,Pacific Asia,Second Class,Home Office,76,0,24,16,52,52,0,0.0,31.57894736842105,21.052631578947366,68.42105263157895,0.0,3,2,1
2016,12,décembre,USCA,Second Class,Corporate,11,0,0,0,11,11,0,0.0,0.0,0.0,100.0,0.0,4,2,2
2016,12,décembre,Pacific Asia,Second Class,Corporate,75,3,13,34,62,62,0,4.0,17.333333333333336,45.33333333333333,82.66666666666667,0.0,3,2,1
2016,12,décembre,USCA,First Class,Home Office,7,0,0,1,7,7,0,0.0,0.0,14.285714285714285,100.0,0.0,2,1,1
2016,12,décembre,Pacific Asia,Standard Class,Corporate,272,74,166,121,97,97,14,27.205882352941174,61.029411764705884,44.48529411764706,35.661764705882355,5.147058823529411,4,4,0
2016,12,décembre,USCA,Standard Class,Consumer,56,22,45,29,7,7,4,39.285714285714285,80.35714285714286,51.78571428571429,12.5,7.142857142857142,3,4,-1
2016,12,décembre,USCA,First Class,Consumer,27,0,0,18,27,27,0,0.0,0.0,66.66666666666666,100.0,0.0,2,1,1
2016,12,décembre,USCA,Standard Class,Corporate,52,12,35,17,15,15,3,23.076923076923077,67.3076923076923,32.69230769230769,28.846153846153843,5.769230769230769,3,4,-1
2017,1,janvier,Europe,First Class,Consumer,49,0,0,26,49,49,0,0.0,0.0,53.06122448979592,100.0,0.0,2,1,1
2017,1,janvier,Africa,Second Class,Home Office,55,9,22,21,33,33,0,16.363636363636363,40.0,38.18181818181819,60.0,0.0,3,2,1
2017,1,janvier,Africa,First Class,Home Office,10,0,0,3,8,8,2,0.0,0.0,30.0,80.0,20.0,2,1,1
2017,1,janvier,Africa,First Class,Consumer,70,0,0,27,67,67,3,0.0,0.0,38.57142857142858,95.71428571428572,4.285714285714286,2,1,1
2017,1,janvier,Africa,Standard Class,Home Office,183,34,120,36,58,58,14,18.579234972677597,65.57377049180327,19.672131147540984,31.693989071038253,7.650273224043716,4,4,0
2017,1,janvier,Africa,Same Day,Corporate,21,0,14,5,5,5,2,0.0,66.66666666666666,23.809523809523807,23.809523809523807,9.523809523809524,0,0,0
2017,1,janvier,Africa,First Class,Corporate,52,0,0,19,50,50,2,0.0,0.0,36.53846153846153,96.15384615384616,3.8461538461538463,2,1,1
2017,1,janvier,Europe,Second Class,Consumer,37,0,15,6,22,22,0,0.0,40.54054054054054,16.216216216216218,59.45945945945946,0.0,3,2,1
2017,1,janvier,Europe,Same Day,Corporate,8,0,0,0,8,8,0,0.0,0.0,0.0,100.0,0.0,1,0,1
2017,1,janvier,Africa,Standard Class,Corporate,240,40,155,56,85,85,2,16.666666666666664,64.58333333333334,23.333333333333332,35.41666666666667,0.8333333333333334,4,4,0
2017,1,janvier,Europe,First Class,Home Office,19,0,0,4,19,19,0,0.0,0.0,21.052631578947366,100.0,0.0,2,1,1
2017,1,janvier,Africa,Same Day,Home Office,5,0,0,0,0,0,5,0.0,0.0,0.0,0.0,100.0,1,0,1
2017,1,janvier,Europe,Same Day,Home Office,1,1,1,1,0,0,0,100.0,100.0,100.0,0.0,0.0,0,0,0
2017,1,janvier,Africa,Second Class,Corporate,75,5,9,17,66,66,0,6.666666666666667,12.0,22.666666666666664,88.0,0.0,3,2,1
2017,1,janvier,Africa,Same Day,Consumer,45,12,20,17,25,25,0,26.666666666666668,44.44444444444444,37.77777777777778,55.55555555555556,0.0,0,0,0
2017,1,janvier,LATAM,Same Day,Consumer,59,6,16,17,38,38,5,10.16949152542373,27.11864406779661,28.8135593220339,64.40677966101694,8.47457627118644,0,0,0
2017,1,janvier,LATAM,First Class,Consumer,191,0,0,97,182,182,9,0.0,0.0,50.78534031413613,95.28795811518324,4.712041884816754,2,1,1
2017,1,janvier,Europe,Standard Class,Corporate,89,12,63,24,26,26,4,13.48314606741573,70.78651685393258,26.96629213483146,29.213483146067414,4.49438202247191,3,4,-1
2017,1,janvier,Europe,Standard Class,Home Office,78,9,43,21,26,26,12,11.538461538461538,55.12820512820513,26.923076923076923,33.33333333333333,15.384615384615385,4,4,0
2017,1,janvier,Africa,Second Class,Consumer,119,20,26,46,88,88,7,16.80672268907563,21.84873949579832,38.655462184873954,73.94957983193278,5.88235294117647,3,2,1
2017,1,janvier,LATAM,Second Class,Home Office,54,3,8,15,46,46,0,5.555555555555555,14.814814814814813,27.77777777777778,85.18518518518519,0.0,4,2,2
2017,1,janvier,Europe,Second Class,Corporate,41,5,5,12,36,36,0,12.195121951219512,12.195121951219512,29.268292682926827,87.8048780487805,0.0,4,2,2
2017,1,janvier,Africa,Standard Class,Consumer,383,80,231,118,147,147,7,20.887728459530024,60.313315926892955,30.809399477806785,38.38120104438642,1.8276762402088773,3,4,-1
2017,1,janvier,USCA,Second Class,Corporate,7,1,1,1,6,6,0,14.285714285714285,14.285714285714285,14.285714285714285,85.71428571428571,0.0,2,2,0
2017,1,janvier,LATAM,Second Class,Corporate,124,3,12,42,106,106,6,2.4193548387096775,9.67741935483871,33.87096774193548,85.48387096774194,4.838709677419355,4,2,2
2017,1,janvier,LATAM,First Class,Home Office,55,0,0,18,55,55,0,0.0,0.0,32.72727272727273,100.0,0.0,2,1,1
2017,1,janvier,LATAM,First Class,Corporate,59,0,0,19,59,59,0,0.0,0.0,32.20338983050847,100.0,0.0,2,1,1
2017,1,janvier,Europe,Standard Class,Consumer,174,25,89,56,83,83,2,14.367816091954023,51.14942528735632,32.18390804597701,47.701149425287355,1.1494252873563218,4,4,0
2017,1,janvier,LATAM,Standard Class,Corporate,398,85,231,133,163,163,8,21.35678391959799,58.040201005025125,33.41708542713568,40.95477386934673,2.0100502512562812,3,4,-1
2017,1,janvier,LATAM,Same Day,Home Office,10,2,6,2,4,4,0,20.0,60.0,20.0,40.0,0.0,0,0,0
2017,1,janvier,Europe,First Class,Corporate,16,0,0,5,16,16,0,0.0,0.0,31.25,100.0,0.0,2,1,1
2017,1,janvier,LATAM,Same Day,Corporate,29,11,17,11,12,12,0,37.93103448275862,58.620689655172406,37.93103448275862,41.37931034482759,0.0,0,0,0
2017,1,janvier,LATAM,Standard Class,Consumer,826,142,511,223,306,306,22,17.191283292978206,61.86440677966102,26.997578692493946,37.04600484261501,2.663438256658596,3,4,-1
2017,1,janvier,Pacific Asia,Same Day,Consumer,32,4,20,16,12,12,0,12.5,62.5,50.0,37.5,0.0,0,0,0
2017,1,janvier,LATAM,Standard Class,Home Office,233,50,129,105,96,96,10,21.45922746781116,55.36480686695279,45.06437768240343,41.201716738197426,4.291845493562231,4,4,0
2017,1,janvier,USCA,First Class,Corporate,2,0,0,0,2,2,0,0.0,0.0,0.0,100.0,0.0,2,1,1
2017,1,janvier,Pacific Asia,First Class,Corporate,57,0,0,22,51,51,6,0.0,0.0,38.59649122807017,89.47368421052632,10.526315789473683,2,1,1
2017,1,janvier,Pacific Asia,Standard Class,Home Office,69,13,42,13,27,27,2,18.84057971014493,60.86956521739131,18.84057971014493,39.130434782608695,2.898550724637681,3,4,-1
2017,1,janvier,Europe,Same Day,Consumer,12,0,4,0,8,8,0,0.0,33.33333333333333,0.0,66.66666666666666,0.0,0,0,0
2017,1,janvier,USCA,Standard Class,Corporate,29,1,13,5,13,13,3,3.4482758620689653,44.827586206896555,17.24137931034483,44.827586206896555,10.344827586206897,3,4,-1
2017,1,janvier,Pacific Asia,First Class,Consumer,63,0,0,22,57,57,6,0.0,0.0,34.92063492063492,90.47619047619048,9.523809523809524,2,1,1
2017,1,janvier,Pacific Asia,Second Class,Home Office,31,11,16,16,15,15,0,35.483870967741936,51.61290322580645,51.61290322580645,48.38709677419355,0.0,3,2,1
2017,1,janvier,Pacific Asia,First Class,Home Office,24,0,0,9,24,24,0,0.0,0.0,37.5,100.0,0.0,2,1,1
2017,1,janvier,Pacific Asia,Standard Class,Corporate,195,41,118,88,77,77,4,21.025641025641026,60.51282051282051,45.12820512820513,39.48717948717949,2.051282051282051,3,4,-1
2017,1,janvier,Pacific Asia,Same Day,Corporate,17,5,9,9,8,8,0,29.411764705882355,52.94117647058824,52.94117647058824,47.05882352941176,0.0,0,0,0
2017,1,janvier,USCA,Same Day,Corporate,3,0,3,0,0,0,0,0.0,100.0,0.0,0.0,0.0,0,0,0
2017,1,janvier,Europe,Second Class,Home Office,39,0,8,17,31,31,0,0.0,20.51282051282051,43.58974358974359,79.48717948717949,0.0,3,2,1
2017,1,janvier,Pacific Asia,Same Day,Home Office,14,0,7,3,7,7,0,0.0,50.0,21.428571428571427,50.0,0.0,0,0,0
2017,1,janvier,LATAM,Second Class,Consumer,202,16,40,65,149,149,14,7.920792079207921,19.801980198019802,32.17821782178218,73.76237623762376,6.9306930693069315,3,2,1
2017,1,janvier,Pacific Asia,Second Class,Corporate,79,8,14,32,65,65,0,10.126582278481013,17.72151898734177,40.50632911392405,82.27848101265823,0.0,4,2,2
2017,1,janvier,USCA,Second Class,Consumer,16,0,5,0,11,11,5,0.0,31.25,0.0,68.75,31.25,3,2,1
2017,1,janvier,Pacific Asia,Second Class,Consumer,116,0,8,24,103,103,5,0.0,6.896551724137931,20.689655172413794,88.79310344827587,4.310344827586207,4,2,2
2017,1,janvier,Pacific Asia,Standard Class,Consumer,341,69,204,114,132,132,13,20.234604105571847,59.82404692082112,33.43108504398827,38.70967741935484,3.812316715542522,4,4,0
2017,1,janvier,USCA,Standard Class,Home Office,9,4,8,4,1,1,0,44.44444444444444,88.88888888888889,44.44444444444444,11.11111111111111,0.0,4,4,0
2017,1,janvier,USCA,Same Day,Consumer,11,0,5,2,2,2,4,0.0,45.45454545454545,18.181818181818183,18.181818181818183,36.36363636363637,0,0,0
2017,1,janvier,USCA,Second Class,Home Office,5,0,2,0,3,3,0,0.0,40.0,0.0,60.0,0.0,4,2,2
2017,1,janvier,USCA,Standard Class,Consumer,36,9,27,14,9,9,0,25.0,75.0,38.88888888888889,25.0,0.0,3,4,-1
2017,2,février,LATAM,Same Day,Home Office,44,13,20,24,24,24,0,29.545454545454547,45.45454545454545,54.54545454545454,54.54545454545454,0.0,0,0,0
2017,2,février,LATAM,First Class,Consumer,336,0,0,108,309,309,27,0.0,0.0,32.142857142857146,91.96428571428571,8.035714285714286,2,1,1
2017,2,février,LATAM,Same Day,Consumer,155,22,75,51,73,73,7,14.193548387096774,48.38709677419355,32.903225806451616,47.096774193548384,4.516129032258064,0,0,0
2017,2,février,LATAM,Second Class,Consumer,445,41,103,167,328,328,18,9.213483146067416,23.146067415730336,37.52808988764045,73.70786516853933,4.044943820224719,4,2,2
2017,2,février,LATAM,Same Day,Corporate,104,23,48,53,56,56,2,22.115384615384613,46.15384615384615,50.96153846153846,53.84615384615385,1.9230769230769231,0,0,0
2017,2,février,LATAM,Standard Class,Consumer,1519,278,894,475,601,601,66,18.301514154048718,58.854509545753785,31.27057274522712,39.56550362080316,4.3449637919684,3,4,-1
2017,2,février,LATAM,First Class,Corporate,261,0,0,103,253,253,8,0.0,0.0,39.46360153256705,96.93486590038314,3.065134099616858,2,1,1
2017,2,février,LATAM,First Class,Home Office,120,0,0,57,119,119,1,0.0,0.0,47.5,99.16666666666667,0.8333333333333334,2,1,1
2017,2,février,LATAM,Standard Class,Home Office,496,81,277,141,199,199,26,16.33064516129032,55.846774193548384,28.42741935483871,40.12096774193548,5.241935483870968,4,4,0
2017,2,février,LATAM,Second Class,Corporate,342,23,72,86,252,252,20,6.725146198830409,21.052631578947366,25.146198830409354,73.68421052631578,5.847953216374268,4,2,2
2017,2,février,LATAM,Second Class,Home Office,190,9,42,58,148,148,4,4.736842105263158,22.105263157894736,30.526315789473685,77.89473684210526,2.1052631578947367,3,2,1
2017,2,février,LATAM,Standard Class,Corporate,894,189,552,319,320,320,52,21.140939597315437,61.74496644295302,35.682326621923934,35.79418344519016,5.8165548098434,3,4,-1
2017,3,mars,LATAM,Same Day,Consumer,134,22,67,39,61,61,14,16.417910447761194,50.0,29.1044776119403,45.52238805970149,10.44776119402985,0,0,0
2017,3,mars,LATAM,First Class,Corporate,232,0,0,62,213,213,19,0.0,0.0,26.72413793103448,91.8103448275862,8.189655172413794,2,1,1
2017,3,mars,LATAM,Standard Class,Home Office,561,105,331,178,219,219,21,18.71657754010695,59.001782531194294,31.72905525846702,39.037433155080215,3.7433155080213902,3,4,-1
2017,3,mars,LATAM,First Class,Consumer,430,0,0,137,415,415,15,0.0,0.0,31.86046511627907,96.51162790697676,3.488372093023256,2,1,1
2017,3,mars,LATAM,Second Class,Consumer,447,31,90,133,343,343,14,6.935123042505594,20.13422818791946,29.753914988814316,76.7337807606264,3.131991051454139,4,2,2
2017,3,mars,LATAM,First Class,Home Office,202,0,0,48,190,190,12,0.0,0.0,23.762376237623762,94.05940594059405,5.9405940594059405,2,1,1
2017,3,mars,LATAM,Same Day,Corporate,99,18,28,33,67,67,4,18.181818181818183,28.28282828282828,33.33333333333333,67.67676767676768,4.040404040404041,0,0,0
2017,3,mars,LATAM,Same Day,Home Office,62,8,28,28,34,34,0,12.903225806451612,45.16129032258064,45.16129032258064,54.83870967741935,0.0,0,0,0
2017,3,mars,LATAM,Second Class,Home Office,204,23,46,77,156,156,2,11.27450980392157,22.54901960784314,37.745098039215684,76.47058823529412,0.9803921568627451,4,2,2
2017,3,mars,LATAM,Second Class,Corporate,348,31,77,92,257,257,14,8.908045977011495,22.126436781609197,26.436781609195403,73.85057471264368,4.022988505747127,3,2,1
2017,3,mars,LATAM,Standard Class,Corporate,1035,208,674,303,344,344,42,20.096618357487923,65.1207729468599,29.275362318840582,33.23671497584541,4.057971014492753,3,4,-1
2017,3,mars,LATAM,Standard Class,Consumer,1593,329,917,503,656,656,45,20.652856246076585,57.56434400502197,31.57564344005022,41.18016321406152,2.824858757062147,4,4,0
2017,4,avril,LATAM,First Class,Corporate,224,0,0,89,214,214,10,0.0,0.0,39.732142857142854,95.53571428571429,4.464285714285714,2,1,1
2017,4,avril,LATAM,Same Day,Consumer,154,34,94,45,51,51,14,22.07792207792208,61.038961038961034,29.22077922077922,33.116883116883116,9.090909090909092,0,0,0
2017,4,avril,LATAM,Same Day,Corporate,51,14,34,24,15,15,2,27.450980392156865,66.66666666666666,47.05882352941176,29.411764705882355,3.9215686274509802,0,0,0
2017,4,avril,LATAM,Standard Class,Home Office,539,92,306,166,223,223,30,17.068645640074212,56.77179962894249,30.79777365491651,41.37291280148423,5.565862708719852,4,4,0
2017,4,avril,LATAM,First Class,Home Office,170,0,0,47,154,154,16,0.0,0.0,27.647058823529413,90.58823529411765,9.411764705882353,2,1,1
2017,4,avril,LATAM,Second Class,Home Office,195,11,57,59,130,130,8,5.641025641025641,29.230769230769234,30.256410256410255,66.66666666666666,4.102564102564102,3,2,1
2017,4,avril,LATAM,First Class,Consumer,355,0,0,163,343,343,12,0.0,0.0,45.91549295774648,96.61971830985917,3.3802816901408446,2,1,1
2017,4,avril,LATAM,Standard Class,Corporate,932,166,554,289,367,367,29,17.811158798283262,59.442060085836914,31.008583690987123,39.377682403433475,3.111587982832618,4,4,0
2017,4,avril,LATAM,Same Day,Home Office,38,7,22,17,16,16,0,18.421052631578945,57.89473684210527,44.73684210526316,42.10526315789473,0.0,0,0,0
2017,4,avril,LATAM,Second Class,Consumer,592,31,136,194,446,446,14,5.236486486486487,22.972972972972975,32.77027027027027,75.33783783783784,2.364864864864865,3,2,1
2017,4,avril,LATAM,Second Class,Corporate,268,15,40,80,214,214,14,5.597014925373134,14.925373134328357,29.850746268656714,79.8507462686567,5.223880597014925,4,2,2
2017,4,avril,LATAM,Standard Class,Consumer,1694,383,1026,571,630,630,83,22.609208972845337,60.56670602125147,33.70720188902007,37.1900826446281,4.899645808736717,3,4,-1
2017,5,mai,LATAM,First Class,Home Office,146,0,0,51,137,137,9,0.0,0.0,34.93150684931507,93.83561643835617,6.164383561643835,2,1,1
2017,5,mai,LATAM,First Class,Consumer,480,0,0,159,437,437,43,0.0,0.0,33.125,91.04166666666667,8.958333333333334,2,1,1
2017,5,mai,LATAM,Same Day,Corporate,91,20,52,30,39,39,0,21.978021978021978,57.14285714285714,32.967032967032964,42.857142857142854,0.0,0,0,0
2017,5,mai,LATAM,First Class,Corporate,290,0,0,77,261,261,29,0.0,0.0,26.551724137931032,90.0,10.0,2,1,1
2017,5,mai,LATAM,Same Day,Consumer,139,17,69,46,63,63,10,12.23021582733813,49.64028776978417,33.093525179856115,45.32374100719424,7.194244604316546,0,0,0
2017,5,mai,LATAM,Second Class,Consumer,437,32,94,151,329,329,19,7.322654462242563,21.51029748283753,34.55377574370709,75.28604118993135,4.3478260869565215,3,2,1
2017,5,mai,LATAM,Second Class,Home Office,197,17,39,81,153,153,10,8.629441624365482,19.796954314720814,41.11675126903553,77.66497461928934,5.0761421319796955,4,2,2
2017,5,mai,LATAM,Same Day,Home Office,47,5,25,14,19,19,3,10.638297872340425,53.191489361702125,29.78723404255319,40.42553191489361,6.382978723404255,0,0,0
2017,5,mai,LATAM,Standard Class,Home Office,548,99,330,156,205,205,40,18.065693430656935,60.21897810218978,28.467153284671532,37.408759124087595,7.2992700729927,4,4,0
2017,5,mai,LATAM,Second Class,Corporate,316,34,74,100,230,230,13,10.759493670886076,23.417721518987342,31.645569620253166,72.78481012658227,4.113924050632911,3,2,1
2017,5,mai,LATAM,Standard Class,Corporate,995,218,635,329,340,340,42,21.909547738693465,63.81909547738693,33.06532663316583,34.17085427135678,4.221105527638191,3,4,-1
2017,5,mai,LATAM,Standard Class,Consumer,1631,340,977,552,630,630,64,20.846106683016554,59.90190067443286,33.84426732066217,38.62660944206009,3.9239730226854688,4,4,0
2017,6,juin,Europe,First Class,Home Office,66,0,0,21,66,66,0,0.0,0.0,31.818181818181817,100.0,0.0,2,1,1
2017,6,juin,Europe,Second Class,Corporate,106,13,32,46,72,72,2,12.264150943396226,30.18867924528302,43.39622641509434,67.9245283018868,1.8867924528301887,3,2,1
2017,6,juin,Europe,Same Day,Consumer,62,4,23,25,38,38,5,6.451612903225806,37.096774193548384,40.32258064516129,61.29032258064516,8.064516129032258,0,0,0
2017,6,juin,Europe,Same Day,Home Office,21,0,10,4,11,11,0,0.0,47.61904761904761,19.047619047619047,52.38095238095239,0.0,0,0,0
2017,6,juin,Europe,Second Class,Consumer,162,16,57,37,100,100,5,9.876543209876543,35.18518518518518,22.839506172839506,61.72839506172839,3.0864197530864197,3,2,1
2017,6,juin,Europe,First Class,Consumer,166,0,0,46,154,154,12,0.0,0.0,27.710843373493976,92.7710843373494,7.228915662650602,2,1,1
2017,6,juin,Europe,First Class,Corporate,106,0,0,31,101,101,5,0.0,0.0,29.245283018867923,95.28301886792453,4.716981132075472,2,1,1
2017,6,juin,Europe,Same Day,Corporate,26,2,11,6,11,11,4,7.6923076923076925,42.30769230769231,23.076923076923077,42.30769230769231,15.384615384615385,0,0,0
2017,6,juin,Europe,Standard Class,Corporate,444,73,261,124,168,168,24,16.441441441441444,58.78378378378378,27.927927927927925,37.83783783783784,5.405405405405405,4,4,0
2017,6,juin,LATAM,First Class,Home Office,92,0,0,32,91,91,1,0.0,0.0,34.78260869565217,98.91304347826086,1.0869565217391304,2,1,1
2017,6,juin,LATAM,Standard Class,Home Office,351,55,202,109,149,149,1,15.669515669515668,57.54985754985755,31.054131054131055,42.45014245014245,0.2849002849002849,4,4,0
2017,6,juin,Europe,Standard Class,Home Office,232,63,132,82,98,98,9,27.155172413793103,56.896551724137936,35.3448275862069,42.241379310344826,3.8793103448275863,4,4,0
2017,6,juin,LATAM,Same Day,Consumer,61,10,32,10,29,29,0,16.39344262295082,52.459016393442624,16.39344262295082,47.540983606557376,0.0,0,0,0
2017,6,juin,Europe,Standard Class,Consumer,664,132,402,224,256,256,37,19.879518072289155,60.54216867469879,33.734939759036145,38.55421686746988,5.572289156626506,4,4,0
2017,6,juin,Europe,Second Class,Home Office,99,4,13,43,76,76,15,4.040404040404041,13.131313131313133,43.43434343434344,76.76767676767676,15.151515151515152,4,2,2
2017,6,juin,LATAM,First Class,Consumer,198,0,0,57,193,193,5,0.0,0.0,28.78787878787879,97.47474747474747,2.525252525252525,2,1,1
2017,6,juin,LATAM,First Class,Corporate,105,0,0,30,105,105,0,0.0,0.0,28.57142857142857,100.0,0.0,2,1,1
2017,6,juin,LATAM,Same Day,Home Office,30,5,14,10,13,13,3,16.666666666666664,46.666666666666664,33.33333333333333,43.333333333333336,10.0,0,0,0
2017,6,juin,LATAM,Second Class,Home Office,72,2,12,11,58,58,2,2.7777777777777777,16.666666666666664,15.277777777777779,80.55555555555556,2.7777777777777777,3,2,1
2017,6,juin,LATAM,Second Class,Corporate,168,15,39,51,120,120,22,8.928571428571429,23.214285714285715,30.357142857142854,71.42857142857143,13.095238095238097,3,2,1
2017,6,juin,LATAM,Standard Class,Corporate,529,114,333,151,188,188,22,21.550094517958414,62.948960302457465,28.544423440453688,35.53875236294896,4.158790170132325,3,4,-1
2017,6,juin,LATAM,Same Day,Corporate,38,4,24,15,14,14,0,10.526315789473683,63.1578947368421,39.473684210526315,36.84210526315789,0.0,0,0,0
2017,6,juin,LATAM,Second Class,Consumer,301,20,80,88,208,208,13,6.64451827242525,26.578073089701,29.2358803986711,69.10299003322258,4.318936877076411,3,2,1
2017,6,juin,LATAM,Standard Class,Consumer,852,193,502,285,330,330,34,22.652582159624412,58.920187793427225,33.45070422535211,38.732394366197184,3.9906103286384975,3,4,-1
2017,7,juillet,Europe,First Class,Consumer,403,0,0,123,376,376,27,0.0,0.0,30.52109181141439,93.30024813895783,6.699751861042183,2,1,1
2017,7,juillet,Europe,Same Day,Home Office,66,14,39,18,27,27,3,21.21212121212121,59.09090909090909,27.27272727272727,40.909090909090914,4.545454545454546,0,0,0
2017,7,juillet,Europe,First Class,Home Office,162,0,0,48,159,159,3,0.0,0.0,29.629629629629626,98.14814814814815,1.8518518518518516,2,1,1
2017,7,juillet,Europe,Second Class,Consumer,542,24,78,165,444,444,27,4.428044280442804,14.391143911439114,30.44280442804428,81.91881918819189,4.981549815498155,4,2,2
2017,7,juillet,Europe,Same Day,Corporate,106,9,31,27,75,75,2,8.49056603773585,29.245283018867923,25.471698113207548,70.75471698113208,1.8867924528301887,0,0,0
2017,7,juillet,Europe,Standard Class,Corporate,921,174,593,306,293,293,54,18.892508143322477,64.38653637350706,33.22475570032573,31.813246471226925,5.863192182410423,3,4,-1
2017,7,juillet,Europe,First Class,Corporate,213,0,0,63,205,205,8,0.0,0.0,29.577464788732392,96.24413145539906,3.755868544600939,2,1,1
2017,7,juillet,Europe,Second Class,Home Office,167,6,35,48,113,113,23,3.592814371257485,20.958083832335326,28.74251497005988,67.66467065868264,13.77245508982036,4,2,2
2017,7,juillet,Europe,Same Day,Consumer,196,21,84,59,109,109,10,10.714285714285714,42.857142857142854,30.102040816326532,55.61224489795919,5.1020408163265305,0,0,0
2017,7,juillet,Europe,Standard Class,Consumer,1676,272,974,480,653,653,71,16.2291169451074,58.1145584725537,28.639618138424822,38.9618138424821,4.236276849642005,4,4,0
2017,7,juillet,Europe,Standard Class,Home Office,492,103,310,153,172,172,25,20.934959349593495,63.00813008130082,31.097560975609756,34.959349593495936,5.08130081300813,4,4,0
2017,7,juillet,Europe,Second Class,Corporate,374,28,74,118,287,287,13,7.4866310160427805,19.786096256684495,31.550802139037433,76.7379679144385,3.4759358288770055,3,2,1
2017,8,août,Europe,Same Day,Consumer,156,25,81,51,73,73,2,16.025641025641026,51.92307692307693,32.69230769230769,46.794871794871796,1.282051282051282,0,0,0
2017,8,août,Europe,First Class,Home Office,134,0,0,53,122,122,12,0.0,0.0,39.55223880597015,91.04477611940298,8.955223880597014,2,1,1
2017,8,août,Europe,First Class,Consumer,437,0,0,164,416,416,21,0.0,0.0,37.52860411899314,95.19450800915332,4.805491990846682,2,1,1
2017,8,août,Europe,Same Day,Corporate,66,1,26,17,35,35,5,1.5151515151515151,39.39393939393939,25.757575757575758,53.03030303030303,7.575757575757576,0,0,0
2017,8,août,Europe,Second Class,Consumer,537,43,94,237,433,433,12,8.007448789571695,17.50465549348231,44.134078212290504,80.63314711359403,2.2346368715083798,4,2,2
2017,8,août,Europe,First Class,Corporate,261,0,0,82,246,246,15,0.0,0.0,31.417624521072796,94.25287356321839,5.747126436781609,2,1,1
2017,8,août,Europe,Standard Class,Corporate,852,172,537,283,305,305,34,20.187793427230048,63.02816901408451,33.21596244131456,35.798122065727696,3.9906103286384975,3,4,-1
2017,8,août,Europe,Same Day,Home Office,53,13,31,15,22,22,0,24.528301886792452,58.490566037735846,28.30188679245283,41.509433962264154,0.0,0,0,0
2017,8,août,Europe,Standard Class,Home Office,515,125,314,201,193,193,17,24.271844660194176,60.970873786407765,39.029126213592235,37.4757281553398,3.300970873786408,3,4,-1
2017,8,août,Europe,Second Class,Home Office,204,27,47,72,155,155,6,13.23529411764706,23.03921568627451,35.294117647058826,75.98039215686273,2.941176470588235,3,2,1
2017,8,août,Europe,Second Class,Corporate,371,13,66,113,297,297,9,3.5040431266846364,17.78975741239892,30.45822102425876,80.05390835579514,2.4258760107816713,4,2,2
2017,8,août,Europe,Standard Class,Consumer,1719,313,1001,557,697,697,61,18.20826061663758,58.231529959278646,32.40255962769052,40.546829552065155,3.5485747527632348,4,4,0
2017,9,septembre,Europe,First Class,Home Office,144,0,0,81,138,138,6,0.0,0.0,56.25,95.83333333333334,4.166666666666666,2,1,1
2017,9,septembre,Europe,Second Class,Home Office,168,7,30,51,129,129,9,4.166666666666666,17.857142857142858,30.357142857142854,76.78571428571429,5.357142857142857,3,2,1
2017,9,septembre,Europe,First Class,Corporate,220,0,0,80,205,205,15,0.0,0.0,36.36363636363637,93.18181818181817,6.8181818181818175,2,1,1
2017,9,septembre,Europe,Same Day,Corporate,96,12,33,38,58,58,5,12.5,34.375,39.58333333333333,60.416666666666664,5.208333333333334,0,0,0
2017,9,septembre,Europe,Same Day,Home Office,46,7,23,14,23,23,2,15.217391304347828,50.0,30.434782608695656,50.0,4.3478260869565215,0,0,0
2017,9,septembre,Europe,First Class,Consumer,426,0,0,179,396,396,30,0.0,0.0,42.01877934272301,92.95774647887323,7.042253521126761,2,1,1
2017,9,septembre,Europe,Standard Class,Corporate,911,179,566,284,328,328,45,19.64873765093304,62.12952799121844,31.174533479692645,36.00439077936334,4.939626783754116,3,4,-1
2017,9,septembre,Europe,Second Class,Consumer,529,57,126,193,381,381,31,10.775047258979207,23.81852551984877,36.48393194706994,72.0226843100189,5.8601134215500945,3,2,1
2017,9,septembre,Europe,Standard Class,Home Office,623,120,362,198,252,252,26,19.26163723916533,58.10593900481541,31.781701444622794,40.44943820224719,4.173354735152488,3,4,-1
2017,9,septembre,Europe,Same Day,Consumer,140,6,45,35,88,88,12,4.285714285714286,32.142857142857146,25.0,62.857142857142854,8.571428571428571,0,0,0
2017,9,septembre,Europe,Second Class,Corporate,330,18,52,105,269,269,11,5.454545454545454,15.757575757575756,31.818181818181817,81.51515151515152,3.3333333333333335,3,2,1
2017,9,septembre,Europe,Standard Class,Consumer,1556,337,979,541,547,547,66,21.65809768637532,62.91773778920309,34.76863753213368,35.15424164524422,4.241645244215938,3,4,-1
2017,10,octobre,Europe,First Class,Corporate,100,0,0,34,98,98,2,0.0,0.0,34.0,98.0,2.0,2,1,1
2017,10,octobre,Europe,Standard Class,Home Office,241,53,152,81,84,84,8,21.991701244813278,63.07053941908713,33.60995850622407,34.85477178423236,3.319502074688797,3,4,-1
2017,10,octobre,Europe,First Class,Consumer,181,0,0,56,170,170,11,0.0,0.0,30.939226519337016,93.92265193370166,6.077348066298343,2,1,1
2017,10,octobre,Europe,Second Class,Home Office,68,5,9,27,56,56,3,7.352941176470589,13.23529411764706,39.705882352941174,82.35294117647058,4.411764705882353,4,2,2
2017,10,octobre,Europe,Same Day,Corporate,31,5,17,9,12,12,2,16.129032258064516,54.83870967741935,29.03225806451613,38.70967741935484,6.451612903225806,0,0,0
2017,10,octobre,Europe,Same Day,Consumer,59,9,28,20,31,31,1,15.254237288135593,47.45762711864407,33.89830508474576,52.54237288135594,1.694915254237288,0,0,0
2017,10,octobre,Europe,Second Class,Corporate,125,10,30,36,93,93,3,8.0,24.0,28.799999999999997,74.4,2.4,4,2,2
2017,10,octobre,Europe,First Class,Home Office,71,0,0,20,70,70,1,0.0,0.0,28.169014084507044,98.59154929577466,1.4084507042253522,2,1,1
2017,10,octobre,Europe,Second Class,Consumer,225,16,48,71,168,168,17,7.111111111111111,21.333333333333336,31.555555555555554,74.66666666666667,7.555555555555555,3,2,1
2017,10,octobre,Europe,Standard Class,Consumer,688,155,403,257,271,271,23,22.52906976744186,58.57558139534884,37.354651162790695,39.38953488372093,3.343023255813953,4,4,0
2017,10,octobre,Europe,Same Day,Home Office,20,5,14,9,6,6,1,25.0,70.0,45.0,30.0,5.0,0,0,0
2017,10,octobre,Europe,Standard Class,Corporate,446,79,290,135,151,151,14,17.713004484304935,65.02242152466367,30.269058295964125,33.856502242152466,3.1390134529147984,3,4,-1
2017,11,novembre,Europe,Second Class,Home Office,18,1,1,6,16,16,1,5.555555555555555,5.555555555555555,33.33333333333333,88.88888888888889,5.555555555555555,4,2,2
2017,11,novembre,Europe,First Class,Home Office,23,0,0,5,21,21,2,0.0,0.0,21.73913043478261,91.30434782608695,8.695652173913043,2,1,1
2017,11,novembre,Pacific Asia,Same Day,Consumer,32,4,13,11,18,18,2,12.5,40.625,34.375,56.25,6.25,0,0,0
2017,11,novembre,Europe,First Class,Consumer,53,0,0,20,50,50,3,0.0,0.0,37.735849056603776,94.33962264150944,5.660377358490567,2,1,1
2017,11,novembre,Europe,Standard Class,Consumer,196,42,118,68,74,74,15,21.428571428571427,60.204081632653065,34.69387755102041,37.755102040816325,7.653061224489796,3,4,-1
2017,11,novembre,Europe,First Class,Corporate,24,0,0,7,22,22,2,0.0,0.0,29.166666666666668,91.66666666666666,8.333333333333332,2,1,1
2017,11,novembre,Europe,Same Day,Corporate,8,1,5,2,3,3,0,12.5,62.5,25.0,37.5,0.0,0,0,0
2017,11,novembre,Pacific Asia,First Class,Home Office,42,0,0,15,40,40,2,0.0,0.0,35.714285714285715,95.23809523809523,4.761904761904762,2,1,1
2017,11,novembre,Pacific Asia,Standard Class,Home Office,139,21,79,43,58,58,4,15.107913669064748,56.83453237410072,30.935251798561154,41.726618705035975,2.877697841726619,4,4,0
2017,11,novembre,Europe,Same Day,Consumer,26,5,14,8,10,10,2,19.230769230769234,53.84615384615385,30.76923076923077,38.46153846153847,7.6923076923076925,0,0,0
2017,11,novembre,Europe,Standard Class,Corporate,130,30,85,49,44,44,4,23.076923076923077,65.38461538461539,37.69230769230769,33.84615384615385,3.076923076923077,3,4,-1
2017,11,novembre,Europe,Same Day,Home Office,5,0,1,0,3,3,1,0.0,20.0,0.0,60.0,20.0,0,0,0
2017,11,novembre,Pacific Asia,Second Class,Consumer,118,7,20,38,93,93,6,5.932203389830509,16.94915254237288,32.20338983050847,78.8135593220339,5.084745762711865,4,2,2
2017,11,novembre,Europe,Standard Class,Home Office,57,7,27,16,30,30,0,12.280701754385964,47.368421052631575,28.07017543859649,52.63157894736842,0.0,4,4,0
2017,11,novembre,Pacific Asia,Same Day,Corporate,22,0,6,1,16,16,2,0.0,27.27272727272727,4.545454545454546,72.72727272727273,9.090909090909092,0,0,0
2017,11,novembre,Europe,Second Class,Consumer,110,7,21,43,83,83,6,6.363636363636363,19.090909090909093,39.09090909090909,75.45454545454545,5.454545454545454,4,2,2
2017,11,novembre,Europe,Second Class,Corporate,32,2,8,12,24,24,2,6.25,25.0,37.5,75.0,6.25,3,2,1
2017,11,novembre,Pacific Asia,Second Class,Home Office,45,3,9,10,35,35,1,6.666666666666667,20.0,22.22222222222222,77.77777777777779,2.2222222222222223,3,2,1
2017,11,novembre,Pacific Asia,First Class,Consumer,98,0,0,40,94,94,4,0.0,0.0,40.816326530612244,95.91836734693877,4.081632653061225,2,1,1
2017,11,novembre,Pacific Asia,Standard Class,Corporate,295,62,178,113,111,111,14,21.01694915254237,60.33898305084746,38.30508474576271,37.6271186440678,4.745762711864407,4,4,0
2017,11,novembre,Pacific Asia,First Class,Corporate,70,0,0,21,67,67,3,0.0,0.0,30.0,95.71428571428572,4.285714285714286,2,1,1
2017,11,novembre,Pacific Asia,Same Day,Home Office,14,2,10,4,3,3,2,14.285714285714285,71.42857142857143,28.57142857142857,21.428571428571427,14.285714285714285,0,0,0
2017,11,novembre,Pacific Asia,Second Class,Corporate,88,5,21,23,64,64,4,5.681818181818182,23.863636363636363,26.136363636363637,72.72727272727273,4.545454545454546,3,2,1
2017,11,novembre,Pacific Asia,Standard Class,Consumer,410,74,252,130,153,153,17,18.048780487804876,61.46341463414634,31.70731707317073,37.31707317073171,4.146341463414634,3,4,-1
2017,12,décembre,Pacific Asia,First Class,Consumer,153,0,0,58,143,143,10,0.0,0.0,37.908496732026144,93.4640522875817,6.535947712418301,2,1,1
2017,12,décembre,Pacific Asia,First Class,Corporate,103,0,0,32,93,93,10,0.0,0.0,31.06796116504854,90.29126213592234,9.70873786407767,2,1,1
2017,12,décembre,Pacific Asia,Same Day,Home Office,29,5,10,10,18,18,1,17.24137931034483,34.48275862068966,34.48275862068966,62.06896551724138,3.4482758620689653,0,0,0
2017,12,décembre,Pacific Asia,Same Day,Consumer,55,5,20,16,34,34,1,9.090909090909092,36.36363636363637,29.09090909090909,61.81818181818181,1.8181818181818181,0,0,0
2017,12,décembre,Pacific Asia,Second Class,Consumer,221,12,46,76,171,171,5,5.429864253393665,20.81447963800905,34.38914027149321,77.37556561085974,2.262443438914027,4,2,2
2017,12,décembre,Pacific Asia,Second Class,Home Office,70,3,16,24,53,53,1,4.285714285714286,22.857142857142858,34.285714285714285,75.71428571428571,1.4285714285714286,3,2,1
2017,12,décembre,Pacific Asia,First Class,Home Office,57,0,0,19,54,54,3,0.0,0.0,33.33333333333333,94.73684210526315,5.263157894736842,2,1,1
2017,12,décembre,Pacific Asia,Standard Class,Home Office,211,44,124,65,80,80,12,20.85308056872038,58.767772511848335,30.80568720379147,37.91469194312796,5.687203791469194,4,4,0
2017,12,décembre,Pacific Asia,Second Class,Corporate,125,5,22,40,100,100,3,4.0,17.599999999999998,32.0,80.0,2.4,4,2,2
2017,12,décembre,Pacific Asia,Standard Class,Corporate,340,66,198,122,137,137,14,19.411764705882355,58.235294117647065,35.88235294117647,40.294117647058826,4.117647058823529,4,4,0
2017,12,décembre,Pacific Asia,Standard Class,Consumer,714,130,435,216,262,262,31,18.207282913165265,60.924369747899156,30.252100840336134,36.69467787114846,4.341736694677871,3,4,-1
2017,12,décembre,Pacific Asia,Same Day,Corporate,46,7,18,14,27,27,2,15.217391304347828,39.130434782608695,30.434782608695656,58.69565217391305,4.3478260869565215,0,0,0
2018,1,janvier,Pacific Asia,Standard Class,Home Office,250,46,134,92,112,112,11,18.4,53.6,36.8,44.800000000000004,4.3999999999999995,4,4,0
2018,1,janvier,Pacific Asia,First Class,Consumer,160,0,0,68,158,158,2,0.0,0.0,42.5,98.75,1.25,2,1,1
2018,1,janvier,Pacific Asia,First Class,Home Office,73,0,0,19,71,71,2,0.0,0.0,26.027397260273972,97.26027397260275,2.73972602739726,2,1,1
2018,1,janvier,Pacific Asia,Second Class,Home Office,86,4,17,29,67,67,2,4.651162790697675,19.767441860465116,33.72093023255814,77.90697674418605,2.3255813953488373,4,2,2
2018,1,janvier,Pacific Asia,First Class,Corporate,95,0,0,32,92,92,3,0.0,0.0,33.68421052631579,96.84210526315789,3.1578947368421053,2,1,1
2018,1,janvier,Pacific Asia,Same Day,Home Office,26,5,18,8,8,8,2,19.230769230769234,69.23076923076923,30.76923076923077,30.76923076923077,7.6923076923076925,0,0,0
2018,1,janvier,Pacific Asia,Same Day,Consumer,54,10,37,16,15,15,4,18.51851851851852,68.51851851851852,29.629629629629626,27.77777777777778,7.4074074074074066,0,0,0
2018,1,janvier,Pacific Asia,Second Class,Corporate,144,7,29,37,107,107,10,4.861111111111112,20.13888888888889,25.694444444444443,74.30555555555556,6.944444444444445,3,2,1
2018,1,janvier,Pacific Asia,Standard Class,Consumer,640,124,397,208,231,231,30,19.375,62.03125000000001,32.5,36.09375,4.6875,3,4,-1
2018,1,janvier,Pacific Asia,Same Day,Corporate,40,3,11,15,27,27,2,7.5,27.500000000000004,37.5,67.5,5.0,0,0,0
2018,1,janvier,Pacific Asia,Standard Class,Corporate,340,69,195,112,138,138,10,20.294117647058822,57.35294117647059,32.94117647058823,40.588235294117645,2.941176470588235,4,4,0
2018,1,janvier,Pacific Asia,Second Class,Consumer,215,17,39,73,169,169,8,7.906976744186046,18.13953488372093,33.95348837209302,78.6046511627907,3.7209302325581395,4,2,2
